{"Bulbasaur":{"number":"#001","types":["Grass","Poison"]},"Ivysaur":{"number":"#002","types":["Grass","Poison"]},"Venusaur":{"number":"#003","types":["Grass","Poison"]},"Charmander":{"number":"#004","types":["Fire"]},"Charmeleon":{"number":"#005","types":["Fire"]},"Charizard":{"number":"#006","types":["Fire","Flying"]},"Squirtle":{"number":"#007","types":["Water"]},"Wartortle":{"number":"#008","types":["Water"]},"Blastoise":{"number":"#009","types":["Water"]},"Caterpie":{"number":"#010","types":["Bug"]},"Metapod":{"number":"#011","types":["Bug"]},"Butterfree":{"number":"#012","types":["Bug","Flying"]},"Weedle":{"number":"#013","types":["Bug","Poison"]},"Kakuna":{"number":"#014","types":["Bug","Poison"]},"Beedrill":{"number":"#015","types":["Bug","Poison"]},"Pidgey":{"number":"#016","types":["Normal","Flying"]},"Pidgeotto":{"number":"#017","types":["Normal","Flying"]},"Pidgeot":{"number":"#018","types":["Normal","Flying"]},"Rattata":{"number":"#019","types":["Normal"]},"Raticate":{"number":"#020","types":["Normal"]},"Spearow":{"number":"#021","types":["Normal","Flying"]},"Fearow":{"number":"#022","types":["Normal","Flying"]},"Ekans":{"number":"#023","types":["Poison"]},"Arbok":{"number":"#024","types":["Poison"]},"Pikachu":{"number":"#025","types":["Electric"]},"Raichu":{"number":"#026","types":["Electric"]},"Sandshrew":{"number":"#027","types":["Ground"]},"Sandslash":{"number":"#028","types":["Ground"]},"Nidoran♀":{"number":"#029","types":["Poison"]},"Nidorina":{"number":"#030","types":["Poison"]},"Nidoqueen":{"number":"#031","types":["Poison","Ground"]},"Nidoran♂":{"number":"#032","types":["Poison"]},"Nidorino":{"number":"#033","types":["Poison"]},"Nidoking":{"number":"#034","types":["Poison","Ground"]},"Clefairy":{"number":"#035","types":["Fairy"]},"Clefable":{"number":"#036","types":["Fairy"]},"Vulpix":{"number":"#037","types":["Fire"]},"Ninetales":{"number":"#038","types":["Fire"]},"Jigglypuff":{"number":"#039","types":["Normal","Fairy"]},"Wigglytuff":{"number":"#040","types":["Normal","Fairy"]},"Zubat":{"number":"#041","types":["Poison","Flying"]},"Golbat":{"number":"#042","types":["Poison","Flying"]},"Oddish":{"number":"#043","types":["Grass","Poison"]},"Gloom":{"number":"#044","types":["Grass","Poison"]},"Vileplume":{"number":"#045","types":["Grass","Poison"]},"Paras":{"number":"#046","types":["Bug","Grass"]},"Parasect":{"number":"#047","types":["Bug","Grass"]},"Venonat":{"number":"#048","types":["Bug","Poison"]},"Venomoth":{"number":"#049","types":["Bug","Poison"]},"Diglett":{"number":"#050","types":["Ground"]},"Dugtrio":{"number":"#051","types":["Ground"]},"Meowth":{"number":"#052","types":["Normal"]},"Persian":{"number":"#053","types":["Normal"]},"Psyduck":{"number":"#054","types":["Water"]},"Golduck":{"number":"#055","types":["Water"]},"Mankey":{"number":"#056","types":["Fighting"]},"Primeape":{"number":"#057","types":["Fighting"]},"Growlithe":{"number":"#058","types":["Fire"]},"Arcanine":{"number":"#059","types":["Fire"]},"Poliwag":{"number":"#060","types":["Water"]},"Poliwhirl":{"number":"#061","types":["Water"]},"Poliwrath":{"number":"#062","types":["Water","Fighting"]},"Abra":{"number":"#063","types":["Psychic"]},"Kadabra":{"number":"#064","types":["Psychic"]},"Alakazam":{"number":"#065","types":["Psychic"]},"Machop":{"number":"#066","types":["Fighting"]},"Machoke":{"number":"#067","types":["Fighting"]},"Machamp":{"number":"#068","types":["Fighting"]},"Bellsprout":{"number":"#069","types":["Grass","Poison"]},"Weepinbell":{"number":"#070","types":["Grass","Poison"]},"Victreebel":{"number":"#071","types":["Grass","Poison"]},"Tentacool":{"number":"#072","types":["Water","Poison"]},"Tentacruel":{"number":"#073","types":["Water","Poison"]},"Geodude":{"number":"#074","types":["Rock","Ground"]},"Graveler":{"number":"#075","types":["Rock","Ground"]},"Golem":{"number":"#076","types":["Rock","Ground"]},"Ponyta":{"number":"#077","types":["Fire"]},"Rapidash":{"number":"#078","types":["Fire"]},"Slowpoke":{"number":"#079","types":["Water","Psychic"]},"Slowbro":{"number":"#080","types":["Water","Psychic"]},"Magnemite":{"number":"#081","types":["Electric","Steel"]},"Magneton":{"number":"#082","types":["Electric","Steel"]},"Farfetch'd":{"number":"#083","types":["Normal","Flying"]},"Doduo":{"number":"#084","types":["Normal","Flying"]},"Dodrio":{"number":"#085","types":["Normal","Flying"]},"Seel":{"number":"#086","types":["Water"]},"Dewgong":{"number":"#087","types":["Water","Ice"]},"Grimer":{"number":"#088","types":["Poison"]},"Muk":{"number":"#089","types":["Poison"]},"Shellder":{"number":"#090","types":["Water"]},"Cloyster":{"number":"#091","types":["Water","Ice"]},"Gastly":{"number":"#092","types":["Ghost","Poison"]},"Haunter":{"number":"#093","types":["Ghost","Poison"]},"Gengar":{"number":"#094","types":["Ghost","Poison"]},"Onix":{"number":"#095","types":["Rock","Ground"]},"Drowzee":{"number":"#096","types":["Psychic"]},"Hypno":{"number":"#097","types":["Psychic"]},"Krabby":{"number":"#098","types":["Water"]},"Kingler":{"number":"#099","types":["Water"]},"Voltorb":{"number":"#100","types":["Electric"]},"Electrode":{"number":"#101","types":["Electric"]},"Exeggcute":{"number":"#102","types":["Grass","Psychic"]},"Exeggutor":{"number":"#103","types":["Grass","Psychic"]},"Cubone":{"number":"#104","types":["Ground"]},"Marowak":{"number":"#105","types":["Ground"]},"Hitmonlee":{"number":"#106","types":["Fighting"]},"Hitmonchan":{"number":"#107","types":["Fighting"]},"Lickitung":{"number":"#108","types":["Normal"]},"Koffing":{"number":"#109","types":["Poison"]},"Weezing":{"number":"#110","types":["Poison"]},"Rhyhorn":{"number":"#111","types":["Ground","Rock"]},"Rhydon":{"number":"#112","types":["Ground","Rock"]},"Chansey":{"number":"#113","types":["Normal"]},"Tangela":{"number":"#114","types":["Grass"]},"Kangaskhan":{"number":"#115","types":["Normal"]},"Horsea":{"number":"#116","types":["Water"]},"Seadra":{"number":"#117","types":["Water"]},"Goldeen":{"number":"#118","types":["Water"]},"Seaking":{"number":"#119","types":["Water"]},"Staryu":{"number":"#120","types":["Water"]},"Starmie":{"number":"#121","types":["Water","Psychic"]},"Mr. Mime":{"number":"#122","types":["Psychic","Fairy"]},"Scyther":{"number":"#123","types":["Bug","Flying"]},"Jynx":{"number":"#124","types":["Ice","Psychic"]},"Electabuzz":{"number":"#125","types":["Electric"]},"Magmar":{"number":"#126","types":["Fire"]},"Pinsir":{"number":"#127","types":["Bug"]},"Tauros":{"number":"#128","types":["Normal"]},"Magikarp":{"number":"#129","types":["Water"]},"Gyarados":{"number":"#130","types":["Water","Flying"]},"Lapras":{"number":"#131","types":["Water","Ice"]},"Ditto":{"number":"#132","types":["Normal"]},"Eevee":{"number":"#133","types":["Normal"]},"Vaporeon":{"number":"#134","types":["Water"]},"Jolteon":{"number":"#135","types":["Electric"]},"Flareon":{"number":"#136","types":["Fire"]},"Porygon":{"number":"#137","types":["Normal"]},"Omanyte":{"number":"#138","types":["Rock","Water"]},"Omastar":{"number":"#139","types":["Rock","Water"]},"Kabuto":{"number":"#140","types":["Rock","Water"]},"Kabutops":{"number":"#141","types":["Rock","Water"]},"Aerodactyl":{"number":"#142","types":["Rock","Flying"]},"Snorlax":{"number":"#143","types":["Normal"]},"Articuno":{"number":"#144","types":["Ice","Flying"]},"Zapdos":{"number":"#145","types":["Electric","Flying"]},"Moltres":{"number":"#146","types":["Fire","Flying"]},"Dratini":{"number":"#147","types":["Dragon"]},"Dragonair":{"number":"#148","types":["Dragon"]},"Dragonite":{"number":"#149","types":["Dragon","Flying"]},"Mewtwo":{"number":"#150","types":["Psychic"]},"Mew":{"number":"#151","types":["Psychic"]},"Chikorita":{"number":"#152","types":["Grass"]},"Bayleef":{"number":"#153","types":["Grass"]},"Meganium":{"number":"#154","types":["Grass"]},"Cyndaquil":{"number":"#155","types":["Fire"]},"Quilava":{"number":"#156","types":["Fire"]},"Typhlosion":{"number":"#157","types":["Fire"]},"Totodile":{"number":"#158","types":["Water"]},"Croconaw":{"number":"#159","types":["Water"]},"Feraligatr":{"number":"#160","types":["Water"]},"Sentret":{"number":"#161","types":["Normal"]},"Furret":{"number":"#162","types":["Normal"]},"Hoothoot":{"number":"#163","types":["Normal","Flying"]},"Noctowl":{"number":"#164","types":["Normal","Flying"]},"Ledyba":{"number":"#165","types":["Bug","Flying"]},"Ledian":{"number":"#166","types":["Bug","Flying"]},"Spinarak":{"number":"#167","types":["Bug","Poison"]},"Ariados":{"number":"#168","types":["Bug","Poison"]},"Crobat":{"number":"#169","types":["Poison","Flying"]},"Chinchou":{"number":"#170","types":["Water","Electric"]},"Lanturn":{"number":"#171","types":["Water","Electric"]},"Pichu":{"number":"#172","types":["Electric"]},"Cleffa":{"number":"#173","types":["Fairy"]},"Igglybuff":{"number":"#174","types":["Normal","Fairy"]},"Togepi":{"number":"#175","types":["Fairy"]},"Togetic":{"number":"#176","types":["Fairy","Flying"]},"Natu":{"number":"#177","types":["Psychic","Flying"]},"Xatu":{"number":"#178","types":["Psychic","Flying"]},"Mareep":{"number":"#179","types":["Electric"]},"Flaaffy":{"number":"#180","types":["Electric"]},"Ampharos":{"number":"#181","types":["Electric"]},"Bellossom":{"number":"#182","types":["Grass"]},"Marill":{"number":"#183","types":["Water","Fairy"]},"Azumarill":{"number":"#184","types":["Water","Fairy"]},"Sudowoodo":{"number":"#185","types":["Rock"]},"Politoed":{"number":"#186","types":["Water"]},"Hoppip":{"number":"#187","types":["Grass","Flying"]},"Skiploom":{"number":"#188","types":["Grass","Flying"]},"Jumpluff":{"number":"#189","types":["Grass","Flying"]},"Aipom":{"number":"#190","types":["Normal"]},"Sunkern":{"number":"#191","types":["Grass"]},"Sunflora":{"number":"#192","types":["Grass"]},"Yanma":{"number":"#193","types":["Bug","Flying"]},"Wooper":{"number":"#194","types":["Water","Ground"]},"Quagsire":{"number":"#195","types":["Water","Ground"]},"Espeon":{"number":"#196","types":["Psychic"]},"Umbreon":{"number":"#197","types":["Dark"]},"Murkrow":{"number":"#198","types":["Dark","Flying"]},"Slowking":{"number":"#199","types":["Water","Psychic"]},"Misdreavus":{"number":"#200","types":["Ghost"]},"Unown":{"number":"#201","types":["Psychic"]},"Wobbuffet":{"number":"#202","types":["Psychic"]},"Girafarig":{"number":"#203","types":["Normal","Psychic"]},"Pineco":{"number":"#204","types":["Bug"]},"Forretress":{"number":"#205","types":["Bug","Steel"]},"Dunsparce":{"number":"#206","types":["Normal"]},"Gligar":{"number":"#207","types":["Ground","Flying"]},"Teddiursa":{"number":"#216","types":["Normal"]},"Ursaring":{"number":"#217","types":["Normal"]},"Slugma":{"number":"#218","types":["Fire"]},"Magcargo":{"number":"#219","types":["Fire","Rock"]},"Swinub":{"number":"#220","types":["Ice","Ground"]},"Piloswine":{"number":"#221","types":["Ice","Ground"]},"Corsola":{"number":"#222","types":["Water","Rock"]},"Remoraid":{"number":"#223","types":["Water"]},"Octillery":{"number":"#224","types":["Water"]},"Delibird":{"number":"#225","types":["Ice","Flying"]},"Mantine":{"number":"#226","types":["Water","Flying"]},"Skarmory":{"number":"#227","types":["Steel","Flying"]},"Houndour":{"number":"#228","types":["Dark","Fire"]},"Houndoom":{"number":"#229","types":["Dark","Fire"]},"Kingdra":{"number":"#230","types":["Water","Dragon"]},"Phanpy":{"number":"#231","types":["Ground"]},"Donphan":{"number":"#232","types":["Ground"]},"Porygon2":{"number":"#233","types":["Normal"]},"Stantler":{"number":"#234","types":["Normal"]},"Smeargle":{"number":"#235","types":["Normal"]},"Tyrogue":{"number":"#236","types":["Fighting"]},"Hitmontop":{"number":"#237","types":["Fighting"]},"Smoochum":{"number":"#238","types":["Ice","Psychic"]},"Elekid":{"number":"#239","types":["Electric"]},"Magby":{"number":"#240","types":["Fire"]},"Miltank":{"number":"#241","types":["Normal"]},"Blissey":{"number":"#242","types":["Normal"]},"Raikou":{"number":"#243","types":["Electric"]},"Entei":{"number":"#244","types":["Fire"]},"Suicune":{"number":"#245","types":["Water"]},"Larvitar":{"number":"#246","types":["Rock","Ground"]},"Pupitar":{"number":"#247","types":["Rock","Ground"]},"Tyranitar":{"number":"#248","types":["Rock","Dark"]},"Lugia":{"number":"#249","types":["Psychic","Flying"]},"Ho-oh":{"number":"#250","types":["Fire","Flying"]},"Celebi":{"number":"#251","types":["Psychic","Grass"]},"Treecko":{"number":"#252","types":["Grass"]},"Grovyle":{"number":"#253","types":["Grass"]},"Sceptile":{"number":"#254","types":["Grass"]},"Torchic":{"number":"#255","types":["Fire"]},"Combusken":{"number":"#256","types":["Fire","Fighting"]},"Blaziken":{"number":"#257","types":["Fire","Fighting"]},"Mudkip":{"number":"#258","types":["Water"]},"Marshtomp":{"number":"#259","types":["Water","Ground"]},"Swampert":{"number":"#260","types":["Water","Ground"]},"Poochyena":{"number":"#261","types":["Dark"]},"Mightyena":{"number":"#262","types":["Dark"]},"Zigzagoon":{"number":"#263","types":["Normal"]},"Linoone":{"number":"#264","types":["Normal"]},"Wurmple":{"number":"#265","types":["Bug"]},"Silcoon":{"number":"#266","types":["Bug"]},"Beautifly":{"number":"#267","types":["Bug","Flying"]},"Cascoon":{"number":"#268","types":["Bug"]},"Dustox":{"number":"#269","types":["Bug","Poison"]},"Lotad":{"number":"#270","types":["Water","Grass"]},"Lombre":{"number":"#271","types":["Water","Grass"]},"Ludicolo":{"number":"#272","types":["Water","Grass"]},"Seedot":{"number":"#273","types":["Grass"]},"Nuzleaf":{"number":"#274","types":["Grass","Dark"]},"Shiftry":{"number":"#275","types":["Grass","Dark"]},"Taillow":{"number":"#276","types":["Normal","Flying"]},"Swellow":{"number":"#277","types":["Normal","Flying"]},"Wingull":{"number":"#278","types":["Water","Flying"]},"Pelipper":{"number":"#279","types":["Water","Flying"]},"Ralts":{"number":"#280","types":["Psychic","Fairy"]},"Kirlia":{"number":"#281","types":["Psychic","Fairy"]},"Gardevoir":{"number":"#282","types":["Psychic","Fairy"]},"Surskit":{"number":"#283","types":["Bug","Water"]},"Shinx":{"number":"#403","types":["Electric"]},"Luxio":{"number":"#404","types":["Electric"]},"Luxray":{"number":"#405","types":["Electric"]},"Budew":{"number":"#406","types":["Grass","Poison"]},"Roserade":{"number":"#407","types":["Grass","Poison"]},"Cranidos":{"number":"#408","types":["Rock"]},"Rampardos":{"number":"#409","types":["Rock"]},"Shieldon":{"number":"#410","types":["Rock","Steel"]},"Bastiodon":{"number":"#411","types":["Rock","Steel"]},"Burmy":{"number":"#412","types":["Bug"]},"Wormadam":{"number":"#413","types":["Bug","Grass"]},"Mothim":{"number":"#414","types":["Bug","Flying"]},"Combee":{"number":"#415","types":["Bug","Flying"]},"Vespiquen":{"number":"#416","types":["Bug","Flying"]},"Pachirisu":{"number":"#417","types":["Electric"]},"Buizel":{"number":"#418","types":["Water"]},"Floatzel":{"number":"#419","types":["Water"]},"Cherubi":{"number":"#420","types":["Grass"]},"Cherrim":{"number":"#421","types":["Grass"]},"Shellos":{"number":"#422","types":["Water"]},"Gastrodon":{"number":"#423","types":["Water","Ground"]},"Ambipom":{"number":"#424","types":["Normal"]},"Drifloon":{"number":"#425","types":["Ghost","Flying"]},"Drifblim":{"number":"#426","types":["Ghost","Flying"]},"Buneary":{"number":"#427","types":["Normal"]},"Lopunny":{"number":"#428","types":["Normal"]},"Mismagius":{"number":"#429","types":["Ghost"]},"Honchkrow":{"number":"#430","types":["Dark","Flying"]},"Glameow":{"number":"#431","types":["Normal"]},"Purugly":{"number":"#432","types":["Normal"]},"Chingling":{"number":"#433","types":["Psychic"]},"Stunky":{"number":"#434","types":["Poison","Dark"]},"Skuntank":{"number":"#435","types":["Poison","Dark"]},"Bronzor":{"number":"#436","types":["Steel","Psychic"]},"Bronzong":{"number":"#437","types":["Steel","Psychic"]},"Bonsly":{"number":"#438","types":["Rock"]},"Mime Jr.":{"number":"#439","types":["Psychic","Fairy"]},"Happiny":{"number":"#440","types":["Normal"]},"Chatot":{"number":"#441","types":["Normal","Flying"]},"Spiritomb":{"number":"#442","types":["Ghost","Dark"]},"Gible":{"number":"#443","types":["Dragon","Ground"]},"Gabite":{"number":"#444","types":["Dragon","Ground"]},"Garchomp":{"number":"#445","types":["Dragon","Ground"]},"Munchlax":{"number":"#446","types":["Normal"]},"Riolu":{"number":"#447","types":["Fighting"]},"Lucario":{"number":"#448","types":["Fighting","Steel"]},"Hippopotas":{"number":"#449","types":["Ground"]},"Hippowdon":{"number":"#450","types":["Ground"]},"Skorupi":{"number":"#451","types":["Poison","Bug"]},"Drapion":{"number":"#452","types":["Poison","Dark"]},"Croagunk":{"number":"#453","types":["Poison","Fighting"]},"Toxicroak":{"number":"#454","types":["Poison","Fighting"]},"Carnivine":{"number":"#455","types":["Grass"]},"Finneon":{"number":"#456","types":["Water"]},"Lumineon":{"number":"#457","types":["Water"]},"Mantyke":{"number":"#458","types":["Water","Flying"]},"Snover":{"number":"#459","types":["Grass","Ice"]},"Abomasnow":{"number":"#460","types":["Grass","Ice"]},"Weavile":{"number":"#461","types":["Dark","Ice"]},"Magnezone":{"number":"#462","types":["Electric","Steel"]},"Lickilicky":{"number":"#463","types":["Normal"]},"Rhyperior":{"number":"#464","types":["Ground","Rock"]},"Tangrowth":{"number":"#465","types":["Grass"]},"Electivire":{"number":"#466","types":["Electric"]},"Magmortar":{"number":"#467","types":["Fire"]},"Togekiss":{"number":"#468","types":["Fairy","Flying"]},"Yanmega":{"number":"#469","types":["Bug","Flying"]},"Leafeon":{"number":"#470","types":["Grass"]},"Glaceon":{"number":"#471","types":["Ice"]},"Gliscor":{"number":"#472","types":["Ground","Flying"]},"Mamoswine":{"number":"#473","types":["Ice","Ground"]},"Porygon-Z":{"number":"#474","types":["Normal"]},"Gallade":{"number":"#475","types":["Psychic","Fighting"]},"Probopass":{"number":"#476","types":["Rock","Steel"]},"Dusknoir":{"number":"#477","types":["Ghost"]},"Froslass":{"number":"#478","types":["Ice","Ghost"]},"Rotom":{"number":"#479","types":["Electric","Ghost"]},"Uxie":{"number":"#480","types":["Psychic"]},"Mesprit":{"number":"#481","types":["Psychic"]},"Azelf":{"number":"#482","types":["Psychic"]},"Darkrai":{"number":"#491","types":["Dark"]},"Shaymin":{"number":"#492","types":["Grass"]},"Arceus":{"number":"#493","types":["Normal"]},"Victini":{"number":"#494","types":["Psychic","Fire"]},"Snivy":{"number":"#495","types":["Grass"]},"Servine":{"number":"#496","types":["Grass"]},"Serperior":{"number":"#497","types":["Grass"]},"Tepig":{"number":"#498","types":["Fire"]},"Pignite":{"number":"#499","types":["Fire","Fighting"]},"Emboar":{"number":"#500","types":["Fire","Fighting"]},"Oshawott":{"number":"#501","types":["Water"]},"Dewott":{"number":"#502","types":["Water"]},"Samurott":{"number":"#503","types":["Water"]},"Patrat":{"number":"#504","types":["Normal"]},"Watchog":{"number":"#505","types":["Normal"]},"Lillipup":{"number":"#506","types":["Normal"]},"Herdier":{"number":"#507","types":["Normal"]},"Stoutland":{"number":"#508","types":["Normal"]},"Purrloin":{"number":"#509","types":["Dark"]},"Liepard":{"number":"#510","types":["Dark"]},"Pansage":{"number":"#511","types":["Grass"]},"Simisage":{"number":"#512","types":["Grass"]},"Pansear":{"number":"#513","types":["Fire"]},"Simisear":{"number":"#514","types":["Fire"]},"Panpour":{"number":"#515","types":["Water"]},"Simipour":{"number":"#516","types":["Water"]},"Munna":{"number":"#517","types":["Psychic"]},"Musharna":{"number":"#518","types":["Psychic"]},"Pidove":{"number":"#519","types":["Normal","Flying"]},"Tranquill":{"number":"#520","types":["Normal","Flying"]},"Unfezant":{"number":"#521","types":["Normal","Flying"]},"Blitzle":{"number":"#522","types":["Electric"]},"Zebstrika":{"number":"#523","types":["Electric"]},"Roggenrola":{"number":"#524","types":["Rock"]},"Boldore":{"number":"#525","types":["Rock"]},"Gigalith":{"number":"#526","types":["Rock"]},"Woobat":{"number":"#527","types":["Psychic","Flying"]},"Swoobat":{"number":"#528","types":["Psychic","Flying"]},"Drilbur":{"number":"#529","types":["Ground"]},"Excadrill":{"number":"#530","types":["Ground","Steel"]},"Audino":{"number":"#531","types":["Normal"]},"Timburr":{"number":"#532","types":["Fighting"]},"Gurdurr":{"number":"#533","types":["Fighting"]},"Conkeldurr":{"number":"#534","types":["Fighting"]},"Tympole":{"number":"#535","types":["Water"]},"Palpitoad":{"number":"#536","types":["Water","Ground"]},"Seismitoad":{"number":"#537","types":["Water","Ground"]},"Throh":{"number":"#538","types":["Fighting"]},"Sawk":{"number":"#539","types":["Fighting"]},"Sewaddle":{"number":"#540","types":["Bug","Grass"]},"Swadloon":{"number":"#541","types":["Bug","Grass"]},"Leavanny":{"number":"#542","types":["Bug","Grass"]},"Venipede":{"number":"#543","types":["Bug","Poison"]},"Whirlipede":{"number":"#544","types":["Bug","Poison"]},"Scolipede":{"number":"#545","types":["Bug","Poison"]},"Cottonee":{"number":"#546","types":["Grass","Fairy"]},"Whimsicott":{"number":"#547","types":["Grass","Fairy"]},"Petilil":{"number":"#548","types":["Grass"]},"Lilligant":{"number":"#549","types":["Grass"]},"Basculin":{"number":"#550","types":["Water"]},"Sandile":{"number":"#551","types":["Ground","Dark"]},"Krokorok":{"number":"#552","types":["Ground","Dark"]},"Krookodile":{"number":"#553","types":["Ground","Dark"]},"Darumaka":{"number":"#554","types":["Fire"]},"Darmanitan":{"number":"#555","types":["Fire"]},"Maractus":{"number":"#556","types":["Grass"]},"Dwebble":{"number":"#557","types":["Bug","Rock"]},"Crustle":{"number":"#558","types":["Bug","Rock"]},"Scraggy":{"number":"#559","types":["Dark","Fighting"]},"Scrafty":{"number":"#560","types":["Dark","Fighting"]},"Sigilyph":{"number":"#561","types":["Psychic","Flying"]},"Yamask":{"number":"#562","types":["Ghost"]},"Cofagrigus":{"number":"#563","types":["Ghost"]},"Tirtouga":{"number":"#564","types":["Water","Rock"]},"Carracosta":{"number":"#565","types":["Water","Rock"]},"Archen":{"number":"#566","types":["Rock","Flying"]},"Archeops":{"number":"#567","types":["Rock","Flying"]},"Trubbish":{"number":"#568","types":["Poison"]},"Garbodor":{"number":"#569","types":["Poison"]},"Zorua":{"number":"#570","types":["Dark"]},"Zoroark":{"number":"#571","types":["Dark"]},"Minccino":{"number":"#572","types":["Normal"]},"Cinccino":{"number":"#573","types":["Normal"]},"Gothita":{"number":"#574","types":["Psychic"]},"Gothorita":{"number":"#575","types":["Psychic"]},"Gothitelle":{"number":"#576","types":["Psychic"]},"Solosis":{"number":"#577","types":["Psychic"]},"Duosion":{"number":"#578","types":["Psychic"]},"Reuniclus":{"number":"#579","types":["Psychic"]},"Ducklett":{"number":"#580","types":["Water","Flying"]},"Swanna":{"number":"#581","types":["Water","Flying"]},"Vanillite":{"number":"#582","types":["Ice"]},"Vanillish":{"number":"#583","types":["Ice"]},"Vanilluxe":{"number":"#584","types":["Ice"]},"Deerling":{"number":"#585","types":["Normal","Grass"]},"Sawsbuck":{"number":"#586","types":["Normal","Grass"]},"Emolga":{"number":"#587","types":["Electric","Flying"]},"Karrablast":{"number":"#588","types":["Bug"]},"Escavalier":{"number":"#589","types":["Bug","Steel"]},"Foongus":{"number":"#590","types":["Grass","Poison"]},"Amoonguss":{"number":"#591","types":["Grass","Poison"]},"Frillish":{"number":"#592","types":["Water","Ghost"]},"Jellicent":{"number":"#593","types":["Water","Ghost"]},"Alomomola":{"number":"#594","types":["Water"]},"Joltik":{"number":"#595","types":["Bug","Electric"]},"Galvantula":{"number":"#596","types":["Bug","Electric"]},"Ferroseed":{"number":"#597","types":["Grass","Steel"]},"Ferrothorn":{"number":"#598","types":["Grass","Steel"]},"Klink":{"number":"#599","types":["Steel"]},"Klang":{"number":"#600","types":["Steel"]},"Klinklang":{"number":"#601","types":["Steel"]},"Tynamo":{"number":"#602","types":["Electric"]},"Eelektrik":{"number":"#603","types":["Electric"]},"Eelektross":{"number":"#604","types":["Electric"]},"Elgyem":{"number":"#605","types":["Psychic"]},"Beheeyem":{"number":"#606","types":["Psychic"]},"Litwick":{"number":"#607","types":["Ghost","Fire"]},"Lampent":{"number":"#608","types":["Ghost","Fire"]},"Chandelure":{"number":"#609","types":["Ghost","Fire"]},"Axew":{"number":"#610","types":["Dragon"]},"Fraxure":{"number":"#611","types":["Dragon"]},"Haxorus":{"number":"#612","types":["Dragon"]},"Cubchoo":{"number":"#613","types":["Ice"]},"Palossand":{"number":"#770","types":["Ghost","Ground"]},"Pyukumuku":{"number":"#771","types":["Water"]},"Type: Null":{"number":"#772","types":["Normal"]},"Silvally":{"number":"#773","types":["Normal"]},"Minior":{"number":"#774","types":["Rock","Flying"]},"Komala":{"number":"#775","types":["Normal"]},"Turtonator":{"number":"#776","types":["Fire","Dragon"]},"Togedemaru":{"number":"#777","types":["Electric","Steel"]},"Mimikyu":{"number":"#778","types":["Ghost","Fairy"]},"Bruxish":{"number":"#779","types":["Water","Psychic"]},"Drampa":{"number":"#780","types":["Normal","Dragon"]},"Dhelmise":{"number":"#781","types":["Ghost","Grass"]},"Jangmo-o":{"number":"#782","types":["Dragon"]},"Hakamo-o":{"number":"#783","types":["Dragon","Fighting"]},"Kommo-o":{"number":"#784","types":["Dragon","Fighting"]},"Tapu Koko":{"number":"#785","types":["Electric","Fairy"]},"Tapu Lele":{"number":"#786","types":["Psychic","Fairy"]},"Tapu Bulu":{"number":"#787","types":["Grass","Fairy"]},"Tapu Fini":{"number":"#788","types":["Water","Fairy"]},"Cosmog":{"number":"#789","types":["Psychic"]},"Cosmoem":{"number":"#790","types":["Psychic"]},"Solgaleo":{"number":"#791","types":["Psychic","Steel"]},"Lunala":{"number":"#792","types":["Psychic","Ghost"]},"Nihilego":{"number":"#793","types":["Rock","Poison"]},"Buzzwole":{"number":"#794","types":["Bug","Fighting"]},"Pheromosa":{"number":"#795","types":["Bug","Fighting"]},"Xurkitree":{"number":"#796","types":["Electric"]},"Celesteela":{"number":"#797","types":["Steel","Flying"]},"Kartana":{"number":"#798","types":["Grass","Steel"]},"Guzzlord":{"number":"#799","types":["Dark","Dragon"]},"Necrozma":{"number":"#800","types":["Psychic"]},"Magearna":{"number":"#801","types":["Steel","Fairy"]},"Marshadow":{"number":"#802","types":["Fighting","Ghost"]},"Poipole":{"number":"#803","types":["Poison"]},"Naganadel":{"number":"#804","types":["Poison","Dragon"]},"Stakataka":{"number":"#805","types":["Rock","Steel"]},"Blacephalon":{"number":"#806","types":["Fire","Ghost"]},"Zeraora":{"number":"#807","types":["Electric"]},"Meltan":{"number":"#808","types":["Steel"]},"Melmetal":{"number":"#809","types":["Steel"]},"Grookey":{"number":"#810","types":["Grass"]},"Thwackey":{"number":"#811","types":["Grass"]},"Rillaboom":{"number":"#812","types":["Grass"]},"Scorbunny":{"number":"#813","types":["Fire"]},"Raboot":{"number":"#814","types":["Fire"]},"Cinderace":{"number":"#815","types":["Fire"]},"Sobble":{"number":"#816","types":["Water"]},"Drizzile":{"number":"#817","types":["Water"]},"Inteleon":{"number":"#818","types":["Water"]},"Skwovet":{"number":"#819","types":["Normal"]},"Greedent":{"number":"#820","types":["Normal"]},"Rookidee":{"number":"#821","types":["Flying"]},"Corvisquire":{"number":"#822","types":["Flying"]},"Corviknight":{"number":"#823","types":["Flying","Steel"]},"Blipbug":{"number":"#824","types":["Bug"]},"Dottler":{"number":"#825","types":["Bug","Psychic"]},"Orbeetle":{"number":"#826","types":["Bug","Psychic"]},"Nickit":{"number":"#827","types":["Dark"]},"Thievul":{"number":"#828","types":["Dark"]},"Gossifleur":{"number":"#829","types":["Grass"]},"Eldegoss":{"number":"#830","types":["Grass"]},"Wooloo":{"number":"#831","types":["Normal"]},"Dubwool":{"number":"#832","types":["Normal"]},"Chewtle":{"number":"#833","types":["Water"]},"Drednaw":{"number":"#834","types":["Water","Rock"]},"Yamper":{"number":"#835","types":["Electric"]},"Boltund":{"number":"#836","types":["Electric"]},"Rolycoly":{"number":"#837","types":["Rock"]},"Carkol":{"number":"#838","types":["Rock","Fire"]},"Coalossal":{"number":"#839","types":["Rock","Fire"]},"Applin":{"number":"#840","types":["Grass","Dragon"]},"Flapple":{"number":"#841","types":["Grass","Dragon"]},"Appletun":{"number":"#842","types":["Grass","Dragon"]},"Silicobra":{"number":"#843","types":["Ground"]},"Sandaconda":{"number":"#844","types":["Ground"]},"Cramorant":{"number":"#845","types":["Flying","Water"]},"Arrokuda":{"number":"#846","types":["Water"]},"Barraskewda":{"number":"#847","types":["Water"]},"Toxel":{"number":"#848","types":["Electric","Poison"]},"Toxtricity":{"number":"#849","types":["Electric","Poison"]},"Sizzlipede":{"number":"#850","types":["Fire","Bug"]},"Centiskorch":{"number":"#851","types":["Fire","Bug"]},"Clobbopus":{"number":"#852","types":["Fighting"]},"Grapploct":{"number":"#853","types":["Fighting"]},"Sinistea":{"number":"#854","types":["Ghost"]},"Polteageist":{"number":"#855","types":["Ghost"]},"Hatenna":{"number":"#856","types":["Psychic"]},"Hattrem":{"number":"#857","types":["Psychic"]},"Hatterene":{"number":"#858","types":["Psychic","Fairy"]},"Impidimp":{"number":"#859","types":["Dark","Fairy"]},"Morgrem":{"number":"#860","types":["Dark","Fairy"]},"Grimmsnarl":{"number":"#861","types":["Dark","Fairy"]},"Obstagoon":{"number":"#862","types":["Dark","Normal"]},"Perrserker":{"number":"#863","types":["Steel"]},"Cursola":{"number":"#864","types":["Ghost"]},"Sirfetch'd":{"number":"#865","types":["Fighting"]},"Mr. Rime":{"number":"#866","types":["Psychic","Ice"]},"Runerigus":{"number":"#867","types":["Ground","Ghost"]},"Milcery":{"number":"#868","types":["Fairy"]},"Alcremie":{"number":"#869","types":["Fairy"]},"Falinks":{"number":"#870","types":["Fighting"]},"Pincurchin":{"number":"#871","types":["Electric"]},"Snom":{"number":"#872","types":["Ice","Bug"]},"Frosmoth":{"number":"#873","types":["Ice","Bug"]},"Stonjourner":{"number":"#874","types":["Rock"]},"Eiscue":{"number":"#875","types":["Ice"]},"Indeedee":{"number":"#876","types":["Psychic","Normal"]},"Morpeko":{"number":"#877","types":["Electric","Dark"]},"Cufant":{"number":"#878","types":["Steel"]},"Copperajah":{"number":"#879","types":["Steel"]},"Dracozolt":{"number":"#880","types":["Electric","Dragon"]},"Arctozolt":{"number":"#881","types":["Electric","Ice"]},"Dracovish":{"number":"#882","types":["Water","Dragon"]},"Arctovish":{"number":"#883","types":["Water","Ice"]},"Duraludon":{"number":"#884","types":["Steel","Dragon"]},"Dreepy":{"number":"#885","types":["Dragon","Ghost"]},"Drakloak":{"number":"#886","types":["Dragon","Ghost"]},"Dragapult":{"number":"#887","types":["Dragon","Ghost"]},"Zacian":{"number":"#888","types":["Fairy","Steel"]},"Zamazenta":{"number":"#889","types":["Fighting","Steel"]},"Eternatus":{"number":"#890","types":["Poison","Dragon"]},"Josh":{"number":"#1000","types":["Water","Ice"]},"Alolan Rattata":{"number":"A1","types":["Dark","Normal"]},"Alolan Raticate":{"number":"A2","types":["Dark","Normal"]},"Alolan Raichu":{"number":"A3","types":["Electric","Psychic"]},"Alolan Sandshrew":{"number":"A4","types":["Ice","Steel"]},"Alolan Sandslash":{"number":"A5","types":["Ice","Steel"]},"Alolan Vulpix":{"number":"A6","types":["Ice","Fairy"]},"Alolan Ninetails":{"number":"A7","types":["Ice","Fairy"]},"Alolan Diglett":{"number":"A8","types":["Ground","Steel"]},"Alolan Dugtrio":{"number":"A9","types":["Ground","Steel"]},"Alolan Meowth":{"number":"A10","types":["Dark"]},"Alolan Persian":{"number":"A11","types":["Dark"]},"Alolan Geodude":{"number":"A12","types":["Rock","Electric"]},"Alolan Graveler":{"number":"A13","types":["Rock","Electric"]},"Alolan Golem":{"number":"A14","types":["Rock","Electric"]},"Alolan Grimer":{"number":"A15","types":["Poison","Dark"]},"Alolan Muk":{"number":"A16","types":["Poison","Dark"]},"Alolan Exeggutor":{"number":"A17","types":["Grass","Dragon"]},"Alolan Marowak":{"number":"A18","types":["Ghost","Fire"]},"Galarian Zigzagoon":{"number":"G1","types":["Dark","Normal"]},"Galarian Linoone":{"number":"G2","types":["Dark","Normal"]},"Galarian Meowth":{"number":"G3","types":["Steel"]},"Galarian Perrserker":{"number":"G4","types":["Steel"]},"Galarian Farfetch'd":{"number":"G5","types":["Fighting"]},"Galarian Sirfetch'd":{"number":"G6","types":["Fighting"]},"Galarian Stunfisk":{"number":"G7","types":["Ground","Steel"]},"Galarian Corsola":{"number":"G8","types":["Ghost"]},"Galarian Weezing":{"number":"G9","types":["Posion","Fairy"]},"Galarian Yamask":{"number":"G10","types":["Ghost","Ground"]},"Galarian Ponyta":{"number":"G11","types":["Psychic"]},"Galarian Rapidash":{"number":"G12","types":["Psychic","Fairy"]},"Galarian Mr. mime":{"number":"G13","types":["Psychic","Ice"]},"Galarian Darumaka":{"number":"G14","types":["Ice"]},"Galarian Darmanitan":{"number":"G15","types":["Ice"]},"Galarian Slowpoke":{"number":"G16","types":["Psychic"]},"Galarian Slowbro":{"number":"G17","types":["Psychic","Posion"]},"Galarian Mf":{"number":"G1","types":["F","F"]}}