{
    "Bulbasaur": {
      "number": 1,
      "types": [
        "Grass",
        "Poison"
      ]
    },
    "Ivysaur": {
      "number": 2,
      "types": [
        "Grass",
        "Poison"
      ]
    },
    "Venusaur": {
      "number": 3,
      "types": [
        "Grass",
        "Poison"
      ]
    },
    "Charmander": {
      "number": 4,
      "types": [
        "Fire"
      ]
    },
    "Charmeleon": {
      "number": 5,
      "types": [
        "Fire"
      ]
    },
    "Charizard": {
      "number": 6,
      "types": [
        "Fire",
        "Flying"
      ]
    },
    "Squirtle": {
      "number": 7,
      "types": [
        "Water"
      ]
    },
    "Wartortle": {
      "number": 8,
      "types": [
        "Water"
      ]
    },
    "Blastoise": {
      "number": 9,
      "types": [
        "Water"
      ]
    },
    "Caterpie": {
      "number": 10,
      "types": [
        "Bug"
      ]
    },
    "Metapod": {
      "number": 11,
      "types": [
        "Bug"
      ]
    },
    "Butterfree": {
      "number": 12,
      "types": [
        "Bug",
        "Flying"
      ]
    },
    "Weedle": {
      "number": 13,
      "types": [
        "Bug",
        "Poison"
      ]
    },
    "Kakuna": {
      "number": 14,
      "types": [
        "Bug",
        "Poison"
      ]
    },
    "Beedrill": {
      "number": 15,
      "types": [
        "Bug",
        "Poison"
      ]
    },
    "Pidgey": {
      "number": 16,
      "types": [
        "Normal",
        "Flying"
      ]
    },
    "Pidgeotto": {
      "number": 17,
      "types": [
        "Normal",
        "Flying"
      ]
    },
    "Pidgeot": {
      "number": 18,
      "types": [
        "Normal",
        "Flying"
      ]
    },
    "Rattata": {
      "number": 19,
      "types": [
        "Normal"
      ]
    },
    "Raticate": {
      "number": 20,
      "types": [
        "Normal"
      ]
    },
    "Spearow": {
      "number": 21,
      "types": [
        "Normal",
        "Flying"
      ]
    },
    "Fearow": {
      "number": 22,
      "types": [
        "Normal",
        "Flying"
      ]
    },
    "Ekans": {
      "number": 23,
      "types": [
        "Poison"
      ]
    },
    "Arbok": {
      "number": 24,
      "types": [
        "Poison"
      ]
    },
    "Pikachu": {
      "number": 25,
      "types": [
        "Electric"
      ]
    },
    "Raichu": {
      "number": 26,
      "types": [
        "Electric"
      ]
    },
    "Sandshrew": {
      "number": 27,
      "types": [
        "Ground"
      ]
    },
    "Sandslash": {
      "number": 28,
      "types": [
        "Ground"
      ]
    },
    "Nidoran♀": {
      "number": 29,
      "types": [
        "Poison"
      ]
    },
    "Nidorina": {
      "number": 30,
      "types": [
        "Poison"
      ]
    },
    "Nidoqueen": {
      "number": 31,
      "types": [
        "Poison",
        "Ground"
      ]
    },
    "Nidoran♂": {
      "number": 32,
      "types": [
        "Poison"
      ]
    },
    "Nidorino": {
      "number": 33,
      "types": [
        "Poison"
      ]
    },
    "Nidoking": {
      "number": 34,
      "types": [
        "Poison",
        "Ground"
      ]
    },
    "Clefairy": {
      "number": 35,
      "types": [
        "Fairy"
      ]
    },
    "Clefable": {
      "number": 36,
      "types": [
        "Fairy"
      ]
    },
    "Vulpix": {
      "number": 37,
      "types": [
        "Fire"
      ]
    },
    "Ninetales": {
      "number": 38,
      "types": [
        "Fire"
      ]
    },
    "Jigglypuff": {
      "number": 39,
      "types": [
        "Normal",
        "Fairy"
      ]
    },
    "Wigglytuff": {
      "number": 40,
      "types": [
        "Normal",
        "Fairy"
      ]
    },
    "Zubat": {
      "number": 41,
      "types": [
        "Poison",
        "Flying"
      ]
    },
    "Golbat": {
      "number": 42,
      "types": [
        "Poison",
        "Flying"
      ]
    },
    "Oddish": {
      "number": 43,
      "types": [
        "Grass",
        "Poison"
      ]
    },
    "Gloom": {
      "number": 44,
      "types": [
        "Grass",
        "Poison"
      ]
    },
    "Vileplume": {
      "number": 45,
      "types": [
        "Grass",
        "Poison"
      ]
    },
    "Paras": {
      "number": 46,
      "types": [
        "Bug",
        "Grass"
      ]
    },
    "Parasect": {
      "number": 47,
      "types": [
        "Bug",
        "Grass"
      ]
    },
    "Venonat": {
      "number": 48,
      "types": [
        "Bug",
        "Poison"
      ]
    },
    "Venomoth": {
      "number": 49,
      "types": [
        "Bug",
        "Poison"
      ]
    },
    "Diglett": {
      "number": 50,
      "types": [
        "Ground"
      ]
    },
    "Dugtrio": {
      "number": 51,
      "types": [
        "Ground"
      ]
    },
    "Meowth": {
      "number": 52,
      "types": [
        "Normal"
      ]
    },
    "Persian": {
      "number": 53,
      "types": [
        "Normal"
      ]
    },
    "Psyduck": {
      "number": 54,
      "types": [
        "Water"
      ]
    },
    "Golduck": {
      "number": 55,
      "types": [
        "Water"
      ]
    },
    "Mankey": {
      "number": 56,
      "types": [
        "Fighting"
      ]
    },
    "Primeape": {
      "number": 57,
      "types": [
        "Fighting"
      ]
    },
    "Growlithe": {
      "number": 58,
      "types": [
        "Fire"
      ]
    },
    "Arcanine": {
      "number": 59,
      "types": [
        "Fire"
      ]
    },
    "Poliwag": {
      "number": 60,
      "types": [
        "Water"
      ]
    },
    "Poliwhirl": {
      "number": 61,
      "types": [
        "Water"
      ]
    },
    "Poliwrath": {
      "number": 62,
      "types": [
        "Water",
        "Fighting"
      ]
    },
    "Abra": {
      "number": 63,
      "types": [
        "Psychic"
      ]
    },
    "Kadabra": {
      "number": 64,
      "types": [
        "Psychic"
      ]
    },
    "Alakazam": {
      "number": 65,
      "types": [
        "Psychic"
      ]
    },
    "Machop": {
      "number": 66,
      "types": [
        "Fighting"
      ]
    },
    "Machoke": {
      "number": 67,
      "types": [
        "Fighting"
      ]
    },
    "Machamp": {
      "number": 68,
      "types": [
        "Fighting"
      ]
    },
    "Bellsprout": {
      "number": 69,
      "types": [
        "Grass",
        "Poison"
      ]
    },
    "Weepinbell": {
      "number": 70,
      "types": [
        "Grass",
        "Poison"
      ]
    },
    "Victreebel": {
      "number": 71,
      "types": [
        "Grass",
        "Poison"
      ]
    },
    "Tentacool": {
      "number": 72,
      "types": [
        "Water",
        "Poison"
      ]
    },
    "Tentacruel": {
      "number": 73,
      "types": [
        "Water",
        "Poison"
      ]
    },
    "Geodude": {
      "number": 74,
      "types": [
        "Rock",
        "Ground"
      ]
    },
    "Graveler": {
      "number": 75,
      "types": [
        "Rock",
        "Ground"
      ]
    },
    "Golem": {
      "number": 76,
      "types": [
        "Rock",
        "Ground"
      ]
    },
    "Ponyta": {
      "number": 77,
      "types": [
        "Fire"
      ]
    },
    "Rapidash": {
      "number": 78,
      "types": [
        "Fire"
      ]
    },
    "Slowpoke": {
      "number": 79,
      "types": [
        "Water",
        "Psychic"
      ]
    },
    "Slowbro": {
      "number": 80,
      "types": [
        "Water",
        "Psychic"
      ]
    },
    "Magnemite": {
      "number": 81,
      "types": [
        "Electric",
        "Steel"
      ]
    },
    "Magneton": {
      "number": 82,
      "types": [
        "Electric",
        "Steel"
      ]
    },
    "Farfetch'd": {
      "number": 83,
      "types": [
        "Normal",
        "Flying"
      ]
    },
    "Doduo": {
      "number": 84,
      "types": [
        "Normal",
        "Flying"
      ]
    },
    "Dodrio": {
      "number": 85,
      "types": [
        "Normal",
        "Flying"
      ]
    },
    "Seel": {
      "number": 86,
      "types": [
        "Water"
      ]
    },
    "Dewgong": {
      "number": 87,
      "types": [
        "Water",
        "Ice"
      ]
    },
    "Grimer": {
      "number": 88,
      "types": [
        "Poison"
      ]
    },
    "Muk": {
      "number": 89,
      "types": [
        "Poison"
      ]
    },
    "Shellder": {
      "number": 90,
      "types": [
        "Water"
      ]
    },
    "Cloyster": {
      "number": 91,
      "types": [
        "Water",
        "Ice"
      ]
    },
    "Gastly": {
      "number": 92,
      "types": [
        "Ghost",
        "Poison"
      ]
    },
    "Haunter": {
      "number": 93,
      "types": [
        "Ghost",
        "Poison"
      ]
    },
    "Gengar": {
      "number": 94,
      "types": [
        "Ghost",
        "Poison"
      ]
    },
    "Onix": {
      "number": 95,
      "types": [
        "Rock",
        "Ground"
      ]
    },
    "Drowzee": {
      "number": 96,
      "types": [
        "Psychic"
      ]
    },
    "Hypno": {
      "number": 97,
      "types": [
        "Psychic"
      ]
    },
    "Krabby": {
      "number": 98,
      "types": [
        "Water"
      ]
    },
    "Kingler": {
      "number": 99,
      "types": [
        "Water"
      ]
    },
    "Voltorb": {
      "number": 100,
      "types": [
        "Electric"
      ]
    },
    "Electrode": {
      "number": 101,
      "types": [
        "Electric"
      ]
    },
    "Exeggcute": {
      "number": 102,
      "types": [
        "Grass",
        "Psychic"
      ]
    },
    "Exeggutor": {
      "number": 103,
      "types": [
        "Grass",
        "Psychic"
      ]
    },
    "Cubone": {
      "number": 104,
      "types": [
        "Ground"
      ]
    },
    "Marowak": {
      "number": 105,
      "types": [
        "Ground"
      ]
    },
    "Hitmonlee": {
      "number": 106,
      "types": [
        "Fighting"
      ]
    },
    "Hitmonchan": {
      "number": 107,
      "types": [
        "Fighting"
      ]
    },
    "Lickitung": {
      "number": 108,
      "types": [
        "Normal"
      ]
    },
    "Koffing": {
      "number": 109,
      "types": [
        "Poison"
      ]
    },
    "Weezing": {
      "number": 110,
      "types": [
        "Poison"
      ]
    },
    "Rhyhorn": {
      "number": 111,
      "types": [
        "Ground",
        "Rock"
      ]
    },
    "Rhydon": {
      "number": 112,
      "types": [
        "Ground",
        "Rock"
      ]
    },
    "Chansey": {
      "number": 113,
      "types": [
        "Normal"
      ]
    },
    "Tangela": {
      "number": 114,
      "types": [
        "Grass"
      ]
    },
    "Kangaskhan": {
      "number": 115,
      "types": [
        "Normal"
      ]
    },
    "Horsea": {
      "number": 116,
      "types": [
        "Water"
      ]
    },
    "Seadra": {
      "number": 117,
      "types": [
        "Water"
      ]
    },
    "Goldeen": {
      "number": 118,
      "types": [
        "Water"
      ]
    },
    "Seaking": {
      "number": 119,
      "types": [
        "Water"
      ]
    },
    "Staryu": {
      "number": 120,
      "types": [
        "Water"
      ]
    },
    "Starmie": {
      "number": 121,
      "types": [
        "Water",
        "Psychic"
      ]
    },
    "Mr. Mime": {
      "number": 122,
      "types": [
        "Psychic",
        "Fairy"
      ]
    },
    "Scyther": {
      "number": 123,
      "types": [
        "Bug",
        "Flying"
      ]
    },
    "Jynx": {
      "number": 124,
      "types": [
        "Ice",
        "Psychic"
      ]
    },
    "Electabuzz": {
      "number": 125,
      "types": [
        "Electric"
      ]
    },
    "Magmar": {
      "number": 126,
      "types": [
        "Fire"
      ]
    },
    "Pinsir": {
      "number": 127,
      "types": [
        "Bug"
      ]
    },
    "Tauros": {
      "number": 128,
      "types": [
        "Normal"
      ]
    },
    "Magikarp": {
      "number": 129,
      "types": [
        "Water"
      ]
    },
    "Gyarados": {
      "number": 130,
      "types": [
        "Water",
        "Flying"
      ]
    },
    "Lapras": {
      "number": 131,
      "types": [
        "Water",
        "Ice"
      ]
    },
    "Ditto": {
      "number": 132,
      "types": [
        "Normal"
      ]
    },
    "Eevee": {
      "number": 133,
      "types": [
        "Normal"
      ]
    },
    "Vaporeon": {
      "number": 134,
      "types": [
        "Water"
      ]
    },
    "Jolteon": {
      "number": 135,
      "types": [
        "Electric"
      ]
    },
    "Flareon": {
      "number": 136,
      "types": [
        "Fire"
      ]
    },
    "Porygon": {
      "number": 137,
      "types": [
        "Normal"
      ]
    },
    "Omanyte": {
      "number": 138,
      "types": [
        "Rock",
        "Water"
      ]
    },
    "Omastar": {
      "number": 139,
      "types": [
        "Rock",
        "Water"
      ]
    },
    "Kabuto": {
      "number": 140,
      "types": [
        "Rock",
        "Water"
      ]
    },
    "Kabutops": {
      "number": 141,
      "types": [
        "Rock",
        "Water"
      ]
    },
    "Aerodactyl": {
      "number": 142,
      "types": [
        "Rock",
        "Flying"
      ]
    },
    "Snorlax": {
      "number": 143,
      "types": [
        "Normal"
      ]
    },
    "Articuno": {
      "number": 144,
      "types": [
        "Ice",
        "Flying"
      ]
    },
    "Zapdos": {
      "number": 145,
      "types": [
        "Electric",
        "Flying"
      ]
    },
    "Moltres": {
      "number": 146,
      "types": [
        "Fire",
        "Flying"
      ]
    },
    "Dratini": {
      "number": 147,
      "types": [
        "Dragon"
      ]
    },
    "Dragonair": {
      "number": 148,
      "types": [
        "Dragon"
      ]
    },
    "Dragonite": {
      "number": 149,
      "types": [
        "Dragon",
        "Flying"
      ]
    },
    "Mewtwo": {
      "number": 150,
      "types": [
        "Psychic"
      ]
    },
    "Mew": {
      "number": 151,
      "types": [
        "Psychic"
      ]
    },
    "Chikorita": {
      "number": 152,
      "types": [
        "Grass"
      ]
    },
    "Bayleef": {
      "number": 153,
      "types": [
        "Grass"
      ]
    },
    "Meganium": {
      "number": 154,
      "types": [
        "Grass"
      ]
    },
    "Cyndaquil": {
      "number": 155,
      "types": [
        "Fire"
      ]
    },
    "Quilava": {
      "number": 156,
      "types": [
        "Fire"
      ]
    },
    "Typhlosion": {
      "number": 157,
      "types": [
        "Fire"
      ]
    },
    "Totodile": {
      "number": 158,
      "types": [
        "Water"
      ]
    },
    "Croconaw": {
      "number": 159,
      "types": [
        "Water"
      ]
    },
    "Feraligatr": {
      "number": 160,
      "types": [
        "Water"
      ]
    },
    "Sentret": {
      "number": 161,
      "types": [
        "Normal"
      ]
    },
    "Furret": {
      "number": 162,
      "types": [
        "Normal"
      ]
    },
    "Hoothoot": {
      "number": 163,
      "types": [
        "Normal",
        "Flying"
      ]
    },
    "Noctowl": {
      "number": 164,
      "types": [
        "Normal",
        "Flying"
      ]
    },
    "Ledyba": {
      "number": 165,
      "types": [
        "Bug",
        "Flying"
      ]
    },
    "Ledian": {
      "number": 166,
      "types": [
        "Bug",
        "Flying"
      ]
    },
    "Spinarak": {
      "number": 167,
      "types": [
        "Bug",
        "Poison"
      ]
    },
    "Ariados": {
      "number": 168,
      "types": [
        "Bug",
        "Poison"
      ]
    },
    "Crobat": {
      "number": 169,
      "types": [
        "Poison",
        "Flying"
      ]
    },
    "Chinchou": {
      "number": 170,
      "types": [
        "Water",
        "Electric"
      ]
    },
    "Lanturn": {
      "number": 171,
      "types": [
        "Water",
        "Electric"
      ]
    },
    "Pichu": {
      "number": 172,
      "types": [
        "Electric"
      ]
    },
    "Cleffa": {
      "number": 173,
      "types": [
        "Fairy"
      ]
    },
    "Igglybuff": {
      "number": 174,
      "types": [
        "Normal",
        "Fairy"
      ]
    },
    "Togepi": {
      "number": 175,
      "types": [
        "Fairy"
      ]
    },
    "Togetic": {
      "number": 176,
      "types": [
        "Fairy",
        "Flying"
      ]
    },
    "Natu": {
      "number": 177,
      "types": [
        "Psychic",
        "Flying"
      ]
    },
    "Xatu": {
      "number": 178,
      "types": [
        "Psychic",
        "Flying"
      ]
    },
    "Mareep": {
      "number": 179,
      "types": [
        "Electric"
      ]
    },
    "Flaaffy": {
      "number": 180,
      "types": [
        "Electric"
      ]
    },
    "Ampharos": {
      "number": 181,
      "types": [
        "Electric"
      ]
    },
    "Bellossom": {
      "number": 182,
      "types": [
        "Grass"
      ]
    },
    "Marill": {
      "number": 183,
      "types": [
        "Water",
        "Fairy"
      ]
    },
    "Azumarill": {
      "number": 184,
      "types": [
        "Water",
        "Fairy"
      ]
    },
    "Sudowoodo": {
      "number": 185,
      "types": [
        "Rock"
      ]
    },
    "Politoed": {
      "number": 186,
      "types": [
        "Water"
      ]
    },
    "Hoppip": {
      "number": 187,
      "types": [
        "Grass",
        "Flying"
      ]
    },
    "Skiploom": {
      "number": 188,
      "types": [
        "Grass",
        "Flying"
      ]
    },
    "Jumpluff": {
      "number": 189,
      "types": [
        "Grass",
        "Flying"
      ]
    },
    "Aipom": {
      "number": 190,
      "types": [
        "Normal"
      ]
    },
    "Sunkern": {
      "number": 191,
      "types": [
        "Grass"
      ]
    },
    "Sunflora": {
      "number": 192,
      "types": [
        "Grass"
      ]
    },
    "Yanma": {
      "number": 193,
      "types": [
        "Bug",
        "Flying"
      ]
    },
    "Wooper": {
      "number": 194,
      "types": [
        "Water",
        "Ground"
      ]
    },
    "Quagsire": {
      "number": 195,
      "types": [
        "Water",
        "Ground"
      ]
    },
    "Espeon": {
      "number": 196,
      "types": [
        "Psychic"
      ]
    },
    "Umbreon": {
      "number": 197,
      "types": [
        "Dark"
      ]
    },
    "Murkrow": {
      "number": 198,
      "types": [
        "Dark",
        "Flying"
      ]
    },
    "Slowking": {
      "number": 199,
      "types": [
        "Water",
        "Psychic"
      ]
    },
    "Misdreavus": {
      "number": 200,
      "types": [
        "Ghost"
      ]
    },
    "Unown": {
      "number": 201,
      "types": [
        "Psychic"
      ]
    },
    "Wobbuffet": {
      "number": 202,
      "types": [
        "Psychic"
      ]
    },
    "Girafarig": {
      "number": 203,
      "types": [
        "Normal",
        "Psychic"
      ]
    },
    "Pineco": {
      "number": 204,
      "types": [
        "Bug"
      ]
    },
    "Forretress": {
      "number": 205,
      "types": [
        "Bug",
        "Steel"
      ]
    },
    "Dunsparce": {
      "number": 206,
      "types": [
        "Normal"
      ]
    },
    "Gligar": {
      "number": 207,
      "types": [
        "Ground",
        "Flying"
      ]
    },
    "Steelix": {
      "number": 208,
      "types": [
        "Steel",
        "Ground"
      ]
    },
    "Snubbull": {
      "number": 209,
      "types": [
        "Fairy"
      ]
    },
    "Granbull": {
      "number": 210,
      "types": [
        "Fairy"
      ]
    },
    "Qwilfish": {
      "number": 211,
      "types": [
        "Water",
        "Poison"
      ]
    },
    "Scizor": {
      "number": 212,
      "types": [
        "Bug",
        "Steel"
      ]
    },
    "Shuckle": {
      "number": 213,
      "types": [
        "Bug",
        "Rock"
      ]
    },
    "Heracross": {
      "number": 214,
      "types": [
        "Bug",
        "Fighting"
      ]
    },
    "Sneasel": {
      "number": 215,
      "types": [
        "Dark",
        "Ice"
      ]
    },
    "Teddiursa": {
      "number": 216,
      "types": [
        "Normal"
      ]
    },
    "Ursaring": {
      "number": 217,
      "types": [
        "Normal"
      ]
    },
    "Slugma": {
      "number": 218,
      "types": [
        "Fire"
      ]
    },
    "Magcargo": {
      "number": 219,
      "types": [
        "Fire",
        "Rock"
      ]
    },
    "Swinub": {
      "number": 220,
      "types": [
        "Ice",
        "Ground"
      ]
    },
    "Piloswine": {
      "number": 221,
      "types": [
        "Ice",
        "Ground"
      ]
    },
    "Corsola": {
      "number": 222,
      "types": [
        "Water",
        "Rock"
      ]
    },
    "Remoraid": {
      "number": 223,
      "types": [
        "Water"
      ]
    },
    "Octillery": {
      "number": 224,
      "types": [
        "Water"
      ]
    },
    "Delibird": {
      "number": 225,
      "types": [
        "Ice",
        "Flying"
      ]
    },
    "Mantine": {
      "number": 226,
      "types": [
        "Water",
        "Flying"
      ]
    },
    "Skarmory": {
      "number": 227,
      "types": [
        "Steel",
        "Flying"
      ]
    },
    "Houndour": {
      "number": 228,
      "types": [
        "Dark",
        "Fire"
      ]
    },
    "Houndoom": {
      "number": 229,
      "types": [
        "Dark",
        "Fire"
      ]
    },
    "Kingdra": {
      "number": 230,
      "types": [
        "Water",
        "Dragon"
      ]
    },
    "Phanpy": {
      "number": 231,
      "types": [
        "Ground"
      ]
    },
    "Donphan": {
      "number": 232,
      "types": [
        "Ground"
      ]
    },
    "Porygon2": {
      "number": 233,
      "types": [
        "Normal"
      ]
    },
    "Stantler": {
      "number": 234,
      "types": [
        "Normal"
      ]
    },
    "Smeargle": {
      "number": 235,
      "types": [
        "Normal"
      ]
    },
    "Tyrogue": {
      "number": 236,
      "types": [
        "Fighting"
      ]
    },
    "Hitmontop": {
      "number": 237,
      "types": [
        "Fighting"
      ]
    },
    "Smoochum": {
      "number": 238,
      "types": [
        "Ice",
        "Psychic"
      ]
    },
    "Elekid": {
      "number": 239,
      "types": [
        "Electric"
      ]
    },
    "Magby": {
      "number": 240,
      "types": [
        "Fire"
      ]
    },
    "Miltank": {
      "number": 241,
      "types": [
        "Normal"
      ]
    },
    "Blissey": {
      "number": 242,
      "types": [
        "Normal"
      ]
    },
    "Raikou": {
      "number": 243,
      "types": [
        "Electric"
      ]
    },
    "Entei": {
      "number": 244,
      "types": [
        "Fire"
      ]
    },
    "Suicune": {
      "number": 245,
      "types": [
        "Water"
      ]
    },
    "Larvitar": {
      "number": 246,
      "types": [
        "Rock",
        "Ground"
      ]
    },
    "Pupitar": {
      "number": 247,
      "types": [
        "Rock",
        "Ground"
      ]
    },
    "Tyranitar": {
      "number": 248,
      "types": [
        "Rock",
        "Dark"
      ]
    },
    "Lugia": {
      "number": 249,
      "types": [
        "Psychic",
        "Flying"
      ]
    },
    "Ho-oh": {
      "number": 250,
      "types": [
        "Fire",
        "Flying"
      ]
    },
    "Celebi": {
      "number": 251,
      "types": [
        "Psychic",
        "Grass"
      ]
    },
    "Treecko": {
      "number": 252,
      "types": [
        "Grass"
      ]
    },
    "Grovyle": {
      "number": 253,
      "types": [
        "Grass"
      ]
    },
    "Sceptile": {
      "number": 254,
      "types": [
        "Grass"
      ]
    },
    "Torchic": {
      "number": 255,
      "types": [
        "Fire"
      ]
    },
    "Combusken": {
      "number": 256,
      "types": [
        "Fire",
        "Fighting"
      ]
    },
    "Blaziken": {
      "number": 257,
      "types": [
        "Fire",
        "Fighting"
      ]
    },
    "Mudkip": {
      "number": 258,
      "types": [
        "Water"
      ]
    },
    "Marshtomp": {
      "number": 259,
      "types": [
        "Water",
        "Ground"
      ]
    },
    "Swampert": {
      "number": 260,
      "types": [
        "Water",
        "Ground"
      ]
    },
    "Poochyena": {
      "number": 261,
      "types": [
        "Dark"
      ]
    },
    "Mightyena": {
      "number": 262,
      "types": [
        "Dark"
      ]
    },
    "Zigzagoon": {
      "number": 263,
      "types": [
        "Normal"
      ]
    },
    "Linoone": {
      "number": 264,
      "types": [
        "Normal"
      ]
    },
    "Wurmple": {
      "number": 265,
      "types": [
        "Bug"
      ]
    },
    "Silcoon": {
      "number": 266,
      "types": [
        "Bug"
      ]
    },
    "Beautifly": {
      "number": 267,
      "types": [
        "Bug",
        "Flying"
      ]
    },
    "Cascoon": {
      "number": 268,
      "types": [
        "Bug"
      ]
    },
    "Dustox": {
      "number": 269,
      "types": [
        "Bug",
        "Poison"
      ]
    },
    "Lotad": {
      "number": 270,
      "types": [
        "Water",
        "Grass"
      ]
    },
    "Lombre": {
      "number": 271,
      "types": [
        "Water",
        "Grass"
      ]
    },
    "Ludicolo": {
      "number": 272,
      "types": [
        "Water",
        "Grass"
      ]
    },
    "Seedot": {
      "number": 273,
      "types": [
        "Grass"
      ]
    },
    "Nuzleaf": {
      "number": 274,
      "types": [
        "Grass",
        "Dark"
      ]
    },
    "Shiftry": {
      "number": 275,
      "types": [
        "Grass",
        "Dark"
      ]
    },
    "Taillow": {
      "number": 276,
      "types": [
        "Normal",
        "Flying"
      ]
    },
    "Swellow": {
      "number": 277,
      "types": [
        "Normal",
        "Flying"
      ]
    },
    "Wingull": {
      "number": 278,
      "types": [
        "Water",
        "Flying"
      ]
    },
    "Pelipper": {
      "number": 279,
      "types": [
        "Water",
        "Flying"
      ]
    },
    "Ralts": {
      "number": 280,
      "types": [
        "Psychic",
        "Fairy"
      ]
    },
    "Kirlia": {
      "number": 281,
      "types": [
        "Psychic",
        "Fairy"
      ]
    },
    "Gardevoir": {
      "number": 282,
      "types": [
        "Psychic",
        "Fairy"
      ]
    },
    "Surskit": {
      "number": 283,
      "types": [
        "Bug",
        "Water"
      ]
    },
    "Masquerain": {
      "number": 284,
      "types": [
        "Bug",
        "Flying"
      ]
    },
    "Shroomish": {
      "number": 285,
      "types": [
        "Grass"
      ]
    },
    "Breloom": {
      "number": 286,
      "types": [
        "Grass",
        "Fighting"
      ]
    },
    "Slakoth": {
      "number": 287,
      "types": [
        "Normal"
      ]
    },
    "Vigoroth": {
      "number": 288,
      "types": [
        "Normal"
      ]
    },
    "Slaking": {
      "number": 289,
      "types": [
        "Normal"
      ]
    },
    "Nincada": {
      "number": 290,
      "types": [
        "Bug",
        "Ground"
      ]
    },
    "Ninjask": {
      "number": 291,
      "types": [
        "Bug",
        "Flying"
      ]
    },
    "Shedinja": {
      "number": 292,
      "types": [
        "Bug",
        "Ghost"
      ]
    },
    "Whismur": {
      "number": 293,
      "types": [
        "Normal"
      ]
    },
    "Loudred": {
      "number": 294,
      "types": [
        "Normal"
      ]
    },
    "Exploud": {
      "number": 295,
      "types": [
        "Normal"
      ]
    },
    "Makuhita": {
      "number": 296,
      "types": [
        "Fighting"
      ]
    },
    "Hariyama": {
      "number": 297,
      "types": [
        "Fighting"
      ]
    },
    "Azurill": {
      "number": 298,
      "types": [
        "Normal",
        "Fairy"
      ]
    },
    "Nosepass": {
      "number": 299,
      "types": [
        "Rock"
      ]
    },
    "Skitty": {
      "number": 300,
      "types": [
        "Normal"
      ]
    },
    "Delcatty": {
      "number": 301,
      "types": [
        "Normal"
      ]
    },
    "Sableye": {
      "number": 302,
      "types": [
        "Dark",
        "Ghost"
      ]
    },
    "Mawile": {
      "number": 303,
      "types": [
        "Steel",
        "Fairy"
      ]
    },
    "Aron": {
      "number": 304,
      "types": [
        "Steel",
        "Rock"
      ]
    },
    "Lairon": {
      "number": 305,
      "types": [
        "Steel",
        "Rock"
      ]
    },
    "Aggron": {
      "number": 306,
      "types": [
        "Steel",
        "Rock"
      ]
    },
    "Meditite": {
      "number": 307,
      "types": [
        "Fighting",
        "Psychic"
      ]
    },
    "Medicham": {
      "number": 308,
      "types": [
        "Fighting",
        "Psychic"
      ]
    },
    "Electrike": {
      "number": 309,
      "types": [
        "Electric"
      ]
    },
    "Manectric": {
      "number": 310,
      "types": [
        "Electric"
      ]
    },
    "Plusle": {
      "number": 311,
      "types": [
        "Electric"
      ]
    },
    "Minun": {
      "number": 312,
      "types": [
        "Electric"
      ]
    },
    "Volbeat": {
      "number": 313,
      "types": [
        "Bug"
      ]
    },
    "Illumise": {
      "number": 314,
      "types": [
        "Bug"
      ]
    },
    "Roselia": {
      "number": 315,
      "types": [
        "Grass",
        "Poison"
      ]
    },
    "Gulpin": {
      "number": 316,
      "types": [
        "Poison"
      ]
    },
    "Swalot": {
      "number": 317,
      "types": [
        "Poison"
      ]
    },
    "Carvanha": {
      "number": 318,
      "types": [
        "Water",
        "Dark"
      ]
    },
    "Sharpedo": {
      "number": 319,
      "types": [
        "Water",
        "Dark"
      ]
    },
    "Wailmer": {
      "number": 320,
      "types": [
        "Water"
      ]
    },
    "Wailord": {
      "number": 321,
      "types": [
        "Water"
      ]
    },
    "Numel": {
      "number": 322,
      "types": [
        "Fire",
        "Ground"
      ]
    },
    "Camerupt": {
      "number": 323,
      "types": [
        "Fire",
        "Ground"
      ]
    },
    "Torkoal": {
      "number": 324,
      "types": [
        "Fire"
      ]
    },
    "Spoink": {
      "number": 325,
      "types": [
        "Psychic"
      ]
    },
    "Grumpig": {
      "number": 326,
      "types": [
        "Psychic"
      ]
    },
    "Spinda": {
      "number": 327,
      "types": [
        "Normal"
      ]
    },
    "Trapinch": {
      "number": 328,
      "types": [
        "Ground"
      ]
    },
    "Vibrava": {
      "number": 329,
      "types": [
        "Ground",
        "Dragon"
      ]
    },
    "Flygon": {
      "number": 330,
      "types": [
        "Ground",
        "Dragon"
      ]
    },
    "Cacnea": {
      "number": 331,
      "types": [
        "Grass"
      ]
    },
    "Cacturne": {
      "number": 332,
      "types": [
        "Grass",
        "Dark"
      ]
    },
    "Swablu": {
      "number": 333,
      "types": [
        "Normal",
        "Flying"
      ]
    },
    "Altaria": {
      "number": 334,
      "types": [
        "Dragon",
        "Flying"
      ]
    },
    "Zangoose": {
      "number": 335,
      "types": [
        "Normal"
      ]
    },
    "Seviper": {
      "number": 336,
      "types": [
        "Poison"
      ]
    },
    "Lunatone": {
      "number": 337,
      "types": [
        "Rock",
        "Psychic"
      ]
    },
    "Solrock": {
      "number": 338,
      "types": [
        "Rock",
        "Psychic"
      ]
    },
    "Barboach": {
      "number": 339,
      "types": [
        "Water",
        "Ground"
      ]
    },
    "Whiscash": {
      "number": 340,
      "types": [
        "Water",
        "Ground"
      ]
    },
    "Corphish": {
      "number": 341,
      "types": [
        "Water"
      ]
    },
    "Crawdaunt": {
      "number": 342,
      "types": [
        "Water",
        "Dark"
      ]
    },
    "Baltoy": {
      "number": 343,
      "types": [
        "Ground",
        "Psychic"
      ]
    },
    "Claydol": {
      "number": 344,
      "types": [
        "Ground",
        "Psychic"
      ]
    },
    "Lileep": {
      "number": 345,
      "types": [
        "Rock",
        "Grass"
      ]
    },
    "Cradily": {
      "number": 346,
      "types": [
        "Rock",
        "Grass"
      ]
    },
    "Anorith": {
      "number": 347,
      "types": [
        "Rock",
        "Bug"
      ]
    },
    "Armaldo": {
      "number": 348,
      "types": [
        "Rock",
        "Bug"
      ]
    },
    "Feebas": {
      "number": 349,
      "types": [
        "Water"
      ]
    },
    "Milotic": {
      "number": 350,
      "types": [
        "Water"
      ]
    },
    "Castform": {
      "number": 351,
      "types": [
        "Normal"
      ]
    },
    "Kecleon": {
      "number": 352,
      "types": [
        "Normal"
      ]
    },
    "Shuppet": {
      "number": 353,
      "types": [
        "Ghost"
      ]
    },
    "Banette": {
      "number": 354,
      "types": [
        "Ghost"
      ]
    },
    "Duskull": {
      "number": 355,
      "types": [
        "Ghost"
      ]
    },
    "Dusclops": {
      "number": 356,
      "types": [
        "Ghost"
      ]
    },
    "Tropius": {
      "number": 357,
      "types": [
        "Grass",
        "Flying"
      ]
    },
    "Chimecho": {
      "number": 358,
      "types": [
        "Psychic"
      ]
    },
    "Absol": {
      "number": 359,
      "types": [
        "Dark"
      ]
    },
    "Wynaut": {
      "number": 360,
      "types": [
        "Psychic"
      ]
    },
    "Snorunt": {
      "number": 361,
      "types": [
        "Ice"
      ]
    },
    "Glalie": {
      "number": 362,
      "types": [
        "Ice"
      ]
    },
    "Spheal": {
      "number": 363,
      "types": [
        "Ice",
        "Water"
      ]
    },
    "Sealeo": {
      "number": 364,
      "types": [
        "Ice",
        "Water"
      ]
    },
    "Walrein": {
      "number": 365,
      "types": [
        "Ice",
        "Water"
      ]
    },
    "Clamperl": {
      "number": 366,
      "types": [
        "Water"
      ]
    },
    "Huntail": {
      "number": 367,
      "types": [
        "Water"
      ]
    },
    "Gorebyss": {
      "number": 368,
      "types": [
        "Water"
      ]
    },
    "Relicanth": {
      "number": 369,
      "types": [
        "Water",
        "Rock"
      ]
    },
    "Luvdisc": {
      "number": 370,
      "types": [
        "Water"
      ]
    },
    "Bagon": {
      "number": 371,
      "types": [
        "Dragon"
      ]
    },
    "Shelgon": {
      "number": 372,
      "types": [
        "Dragon"
      ]
    },
    "Salamence": {
      "number": 373,
      "types": [
        "Dragon",
        "Flying"
      ]
    },
    "Beldum": {
      "number": 374,
      "types": [
        "Steel",
        "Psychic"
      ]
    },
    "Metang": {
      "number": 375,
      "types": [
        "Steel",
        "Psychic"
      ]
    },
    "Metagross": {
      "number": 376,
      "types": [
        "Steel",
        "Psychic"
      ]
    },
    "Regirock": {
      "number": 377,
      "types": [
        "Rock"
      ]
    },
    "Regice": {
      "number": 378,
      "types": [
        "Ice"
      ]
    },
    "Registeel": {
      "number": 379,
      "types": [
        "Steel"
      ]
    },
    "Latias": {
      "number": 380,
      "types": [
        "Dragon",
        "Psychic"
      ]
    },
    "Latios": {
      "number": 381,
      "types": [
        "Dragon",
        "Psychic"
      ]
    },
    "Kyogre": {
      "number": 382,
      "types": [
        "Water"
      ]
    },
    "Groudon": {
      "number": 383,
      "types": [
        "Ground"
      ]
    },
    "Rayquaza": {
      "number": 384,
      "types": [
        "Dragon",
        "Flying"
      ]
    },
    "Jirachi": {
      "number": 385,
      "types": [
        "Steel",
        "Psychic"
      ]
    },
    "Deoxys": {
      "number": 386,
      "types": [
        "Psychic"
      ]
    },
    "Turtwig": {
      "number": 387,
      "types": [
        "Grass"
      ]
    },
    "Grotle": {
      "number": 388,
      "types": [
        "Grass"
      ]
    },
    "Torterra": {
      "number": 389,
      "types": [
        "Grass",
        "Ground"
      ]
    },
    "Chimchar": {
      "number": 390,
      "types": [
        "Fire"
      ]
    },
    "Monferno": {
      "number": 391,
      "types": [
        "Fire",
        "Fighting"
      ]
    },
    "Infernape": {
      "number": 392,
      "types": [
        "Fire",
        "Fighting"
      ]
    },
    "Piplup": {
      "number": 393,
      "types": [
        "Water"
      ]
    },
    "Prinplup": {
      "number": 394,
      "types": [
        "Water"
      ]
    },
    "Empoleon": {
      "number": 395,
      "types": [
        "Water",
        "Steel"
      ]
    },
    "Starly": {
      "number": 396,
      "types": [
        "Normal",
        "Flying"
      ]
    },
    "Staravia": {
      "number": 397,
      "types": [
        "Normal",
        "Flying"
      ]
    },
    "Staraptor": {
      "number": 398,
      "types": [
        "Normal",
        "Flying"
      ]
    },
    "Bidoof": {
      "number": 399,
      "types": [
        "Normal"
      ]
    },
    "Bibarel": {
      "number": 400,
      "types": [
        "Normal",
        "Water"
      ]
    },
    "Kricketot": {
      "number": 401,
      "types": [
        "Bug"
      ]
    },
    "Kricketune": {
      "number": 402,
      "types": [
        "Bug"
      ]
    },
    "Shinx": {
      "number": 403,
      "types": [
        "Electric"
      ]
    },
    "Luxio": {
      "number": 404,
      "types": [
        "Electric"
      ]
    },
    "Luxray": {
      "number": 405,
      "types": [
        "Electric"
      ]
    },
    "Budew": {
      "number": 406,
      "types": [
        "Grass",
        "Poison"
      ]
    },
    "Roserade": {
      "number": 407,
      "types": [
        "Grass",
        "Poison"
      ]
    },
    "Cranidos": {
      "number": 408,
      "types": [
        "Rock"
      ]
    },
    "Rampardos": {
      "number": 409,
      "types": [
        "Rock"
      ]
    },
    "Shieldon": {
      "number": 410,
      "types": [
        "Rock",
        "Steel"
      ]
    },
    "Bastiodon": {
      "number": 411,
      "types": [
        "Rock",
        "Steel"
      ]
    },
    "Burmy": {
      "number": 412,
      "types": [
        "Bug"
      ]
    },
    "Wormadam": {
      "number": 413,
      "types": [
        "Bug",
        "Grass"
      ]
    },
    "Mothim": {
      "number": 414,
      "types": [
        "Bug",
        "Flying"
      ]
    },
    "Combee": {
      "number": 415,
      "types": [
        "Bug",
        "Flying"
      ]
    },
    "Vespiquen": {
      "number": 416,
      "types": [
        "Bug",
        "Flying"
      ]
    },
    "Pachirisu": {
      "number": 417,
      "types": [
        "Electric"
      ]
    },
    "Buizel": {
      "number": 418,
      "types": [
        "Water"
      ]
    },
    "Floatzel": {
      "number": 419,
      "types": [
        "Water"
      ]
    },
    "Cherubi": {
      "number": 420,
      "types": [
        "Grass"
      ]
    },
    "Cherrim": {
      "number": 421,
      "types": [
        "Grass"
      ]
    },
    "Shellos": {
      "number": 422,
      "types": [
        "Water"
      ]
    },
    "Gastrodon": {
      "number": 423,
      "types": [
        "Water",
        "Ground"
      ]
    },
    "Ambipom": {
      "number": 424,
      "types": [
        "Normal"
      ]
    },
    "Drifloon": {
      "number": 425,
      "types": [
        "Ghost",
        "Flying"
      ]
    },
    "Drifblim": {
      "number": 426,
      "types": [
        "Ghost",
        "Flying"
      ]
    },
    "Buneary": {
      "number": 427,
      "types": [
        "Normal"
      ]
    },
    "Lopunny": {
      "number": 428,
      "types": [
        "Normal"
      ]
    },
    "Mismagius": {
      "number": 429,
      "types": [
        "Ghost"
      ]
    },
    "Honchkrow": {
      "number": 430,
      "types": [
        "Dark",
        "Flying"
      ]
    },
    "Glameow": {
      "number": 431,
      "types": [
        "Normal"
      ]
    },
    "Purugly": {
      "number": 432,
      "types": [
        "Normal"
      ]
    },
    "Chingling": {
      "number": 433,
      "types": [
        "Psychic"
      ]
    },
    "Stunky": {
      "number": 434,
      "types": [
        "Poison",
        "Dark"
      ]
    },
    "Skuntank": {
      "number": 435,
      "types": [
        "Poison",
        "Dark"
      ]
    },
    "Bronzor": {
      "number": 436,
      "types": [
        "Steel",
        "Psychic"
      ]
    },
    "Bronzong": {
      "number": 437,
      "types": [
        "Steel",
        "Psychic"
      ]
    },
    "Bonsly": {
      "number": 438,
      "types": [
        "Rock"
      ]
    },
    "Mime Jr.": {
      "number": 439,
      "types": [
        "Psychic",
        "Fairy"
      ]
    },
    "Happiny": {
      "number": 440,
      "types": [
        "Normal"
      ]
    },
    "Chatot": {
      "number": 441,
      "types": [
        "Normal",
        "Flying"
      ]
    },
    "Spiritomb": {
      "number": 442,
      "types": [
        "Ghost",
        "Dark"
      ]
    },
    "Gible": {
      "number": 443,
      "types": [
        "Dragon",
        "Ground"
      ]
    },
    "Gabite": {
      "number": 444,
      "types": [
        "Dragon",
        "Ground"
      ]
    },
    "Garchomp": {
      "number": 445,
      "types": [
        "Dragon",
        "Ground"
      ]
    },
    "Munchlax": {
      "number": 446,
      "types": [
        "Normal"
      ]
    },
    "Riolu": {
      "number": 447,
      "types": [
        "Fighting"
      ]
    },
    "Lucario": {
      "number": 448,
      "types": [
        "Fighting",
        "Steel"
      ]
    },
    "Hippopotas": {
      "number": 449,
      "types": [
        "Ground"
      ]
    },
    "Hippowdon": {
      "number": 450,
      "types": [
        "Ground"
      ]
    },
    "Skorupi": {
      "number": 451,
      "types": [
        "Poison",
        "Bug"
      ]
    },
    "Drapion": {
      "number": 452,
      "types": [
        "Poison",
        "Dark"
      ]
    },
    "Croagunk": {
      "number": 453,
      "types": [
        "Poison",
        "Fighting"
      ]
    },
    "Toxicroak": {
      "number": 454,
      "types": [
        "Poison",
        "Fighting"
      ]
    },
    "Carnivine": {
      "number": 455,
      "types": [
        "Grass"
      ]
    },
    "Finneon": {
      "number": 456,
      "types": [
        "Water"
      ]
    },
    "Lumineon": {
      "number": 457,
      "types": [
        "Water"
      ]
    },
    "Mantyke": {
      "number": 458,
      "types": [
        "Water",
        "Flying"
      ]
    },
    "Snover": {
      "number": 459,
      "types": [
        "Grass",
        "Ice"
      ]
    },
    "Abomasnow": {
      "number": 460,
      "types": [
        "Grass",
        "Ice"
      ]
    },
    "Weavile": {
      "number": 461,
      "types": [
        "Dark",
        "Ice"
      ]
    },
    "Magnezone": {
      "number": 462,
      "types": [
        "Electric",
        "Steel"
      ]
    },
    "Lickilicky": {
      "number": 463,
      "types": [
        "Normal"
      ]
    },
    "Rhyperior": {
      "number": 464,
      "types": [
        "Ground",
        "Rock"
      ]
    },
    "Tangrowth": {
      "number": 465,
      "types": [
        "Grass"
      ]
    },
    "Electivire": {
      "number": 466,
      "types": [
        "Electric"
      ]
    },
    "Magmortar": {
      "number": 467,
      "types": [
        "Fire"
      ]
    },
    "Togekiss": {
      "number": 468,
      "types": [
        "Fairy",
        "Flying"
      ]
    },
    "Yanmega": {
      "number": 469,
      "types": [
        "Bug",
        "Flying"
      ]
    },
    "Leafeon": {
      "number": 470,
      "types": [
        "Grass"
      ]
    },
    "Glaceon": {
      "number": 471,
      "types": [
        "Ice"
      ]
    },
    "Gliscor": {
      "number": 472,
      "types": [
        "Ground",
        "Flying"
      ]
    },
    "Mamoswine": {
      "number": 473,
      "types": [
        "Ice",
        "Ground"
      ]
    },
    "Porygon-Z": {
      "number": 474,
      "types": [
        "Normal"
      ]
    },
    "Gallade": {
      "number": 475,
      "types": [
        "Psychic",
        "Fighting"
      ]
    },
    "Probopass": {
      "number": 476,
      "types": [
        "Rock",
        "Steel"
      ]
    },
    "Dusknoir": {
      "number": 477,
      "types": [
        "Ghost"
      ]
    },
    "Froslass": {
      "number": 478,
      "types": [
        "Ice",
        "Ghost"
      ]
    },
    "Rotom": {
      "number": 479,
      "types": [
        "Electric",
        "Ghost"
      ]
    },
    "Uxie": {
      "number": 480,
      "types": [
        "Psychic"
      ]
    },
    "Mesprit": {
      "number": 481,
      "types": [
        "Psychic"
      ]
    },
    "Azelf": {
      "number": 482,
      "types": [
        "Psychic"
      ]
    },
    "Dialga": {
      "number": 483,
      "types": [
        "Steel",
        "Dragon"
      ]
    },
    "Palkia": {
      "number": 484,
      "types": [
        "Water",
        "Dragon"
      ]
    },
    "Heatran": {
      "number": 485,
      "types": [
        "Fire",
        "Steel"
      ]
    },
    "Regigigas": {
      "number": 486,
      "types": [
        "Normal"
      ]
    },
    "Giratina": {
      "number": 487,
      "types": [
        "Ghost",
        "Dragon"
      ]
    },
    "Cresselia": {
      "number": 488,
      "types": [
        "Psychic"
      ]
    },
    "Phione": {
      "number": 489,
      "types": [
        "Water"
      ]
    },
    "Manaphy": {
      "number": 490,
      "types": [
        "Water"
      ]
    },
    "Darkrai": {
      "number": 491,
      "types": [
        "Dark"
      ]
    },
    "Shaymin": {
      "number": 492,
      "types": [
        "Grass"
      ]
    },
    "Arceus": {
      "number": 493,
      "types": [
        "Normal"
      ]
    },
    "Victini": {
      "number": 494,
      "types": [
        "Psychic",
        "Fire"
      ]
    },
    "Snivy": {
      "number": 495,
      "types": [
        "Grass"
      ]
    },
    "Servine": {
      "number": 496,
      "types": [
        "Grass"
      ]
    },
    "Serperior": {
      "number": 497,
      "types": [
        "Grass"
      ]
    },
    "Tepig": {
      "number": 498,
      "types": [
        "Fire"
      ]
    },
    "Pignite": {
      "number": 499,
      "types": [
        "Fire",
        "Fighting"
      ]
    },
    "Emboar": {
      "number": 500,
      "types": [
        "Fire",
        "Fighting"
      ]
    },
    "Oshawott": {
      "number": 501,
      "types": [
        "Water"
      ]
    },
    "Dewott": {
      "number": 502,
      "types": [
        "Water"
      ]
    },
    "Samurott": {
      "number": 503,
      "types": [
        "Water"
      ]
    },
    "Patrat": {
      "number": 504,
      "types": [
        "Normal"
      ]
    },
    "Watchog": {
      "number": 505,
      "types": [
        "Normal"
      ]
    },
    "Lillipup": {
      "number": 506,
      "types": [
        "Normal"
      ]
    },
    "Herdier": {
      "number": 507,
      "types": [
        "Normal"
      ]
    },
    "Stoutland": {
      "number": 508,
      "types": [
        "Normal"
      ]
    },
    "Purrloin": {
      "number": 509,
      "types": [
        "Dark"
      ]
    },
    "Liepard": {
      "number": 510,
      "types": [
        "Dark"
      ]
    },
    "Pansage": {
      "number": 511,
      "types": [
        "Grass"
      ]
    },
    "Simisage": {
      "number": 512,
      "types": [
        "Grass"
      ]
    },
    "Pansear": {
      "number": 513,
      "types": [
        "Fire"
      ]
    },
    "Simisear": {
      "number": 514,
      "types": [
        "Fire"
      ]
    },
    "Panpour": {
      "number": 515,
      "types": [
        "Water"
      ]
    },
    "Simipour": {
      "number": 516,
      "types": [
        "Water"
      ]
    },
    "Munna": {
      "number": 517,
      "types": [
        "Psychic"
      ]
    },
    "Musharna": {
      "number": 518,
      "types": [
        "Psychic"
      ]
    },
    "Pidove": {
      "number": 519,
      "types": [
        "Normal",
        "Flying"
      ]
    },
    "Tranquill": {
      "number": 520,
      "types": [
        "Normal",
        "Flying"
      ]
    },
    "Unfezant": {
      "number": 521,
      "types": [
        "Normal",
        "Flying"
      ]
    },
    "Blitzle": {
      "number": 522,
      "types": [
        "Electric"
      ]
    },
    "Zebstrika": {
      "number": 523,
      "types": [
        "Electric"
      ]
    },
    "Roggenrola": {
      "number": 524,
      "types": [
        "Rock"
      ]
    },
    "Boldore": {
      "number": 525,
      "types": [
        "Rock"
      ]
    },
    "Gigalith": {
      "number": 526,
      "types": [
        "Rock"
      ]
    },
    "Woobat": {
      "number": 527,
      "types": [
        "Psychic",
        "Flying"
      ]
    },
    "Swoobat": {
      "number": 528,
      "types": [
        "Psychic",
        "Flying"
      ]
    },
    "Drilbur": {
      "number": 529,
      "types": [
        "Ground"
      ]
    },
    "Excadrill": {
      "number": 530,
      "types": [
        "Ground",
        "Steel"
      ]
    },
    "Audino": {
      "number": 531,
      "types": [
        "Normal"
      ]
    },
    "Timburr": {
      "number": 532,
      "types": [
        "Fighting"
      ]
    },
    "Gurdurr": {
      "number": 533,
      "types": [
        "Fighting"
      ]
    },
    "Conkeldurr": {
      "number": 534,
      "types": [
        "Fighting"
      ]
    },
    "Tympole": {
      "number": 535,
      "types": [
        "Water"
      ]
    },
    "Palpitoad": {
      "number": 536,
      "types": [
        "Water",
        "Ground"
      ]
    },
    "Seismitoad": {
      "number": 537,
      "types": [
        "Water",
        "Ground"
      ]
    },
    "Throh": {
      "number": 538,
      "types": [
        "Fighting"
      ]
    },
    "Sawk": {
      "number": 539,
      "types": [
        "Fighting"
      ]
    },
    "Sewaddle": {
      "number": 540,
      "types": [
        "Bug",
        "Grass"
      ]
    },
    "Swadloon": {
      "number": 541,
      "types": [
        "Bug",
        "Grass"
      ]
    },
    "Leavanny": {
      "number": 542,
      "types": [
        "Bug",
        "Grass"
      ]
    },
    "Venipede": {
      "number": 543,
      "types": [
        "Bug",
        "Poison"
      ]
    },
    "Whirlipede": {
      "number": 544,
      "types": [
        "Bug",
        "Poison"
      ]
    },
    "Scolipede": {
      "number": 545,
      "types": [
        "Bug",
        "Poison"
      ]
    },
    "Cottonee": {
      "number": 546,
      "types": [
        "Grass",
        "Fairy"
      ]
    },
    "Whimsicott": {
      "number": 547,
      "types": [
        "Grass",
        "Fairy"
      ]
    },
    "Petilil": {
      "number": 548,
      "types": [
        "Grass"
      ]
    },
    "Lilligant": {
      "number": 549,
      "types": [
        "Grass"
      ]
    },
    "Basculin": {
      "number": 550,
      "types": [
        "Water"
      ]
    },
    "Sandile": {
      "number": 551,
      "types": [
        "Ground",
        "Dark"
      ]
    },
    "Krokorok": {
      "number": 552,
      "types": [
        "Ground",
        "Dark"
      ]
    },
    "Krookodile": {
      "number": 553,
      "types": [
        "Ground",
        "Dark"
      ]
    },
    "Darumaka": {
      "number": 554,
      "types": [
        "Fire"
      ]
    },
    "Darmanitan": {
      "number": 555,
      "types": [
        "Fire"
      ]
    },
    "Maractus": {
      "number": 556,
      "types": [
        "Grass"
      ]
    },
    "Dwebble": {
      "number": 557,
      "types": [
        "Bug",
        "Rock"
      ]
    },
    "Crustle": {
      "number": 558,
      "types": [
        "Bug",
        "Rock"
      ]
    },
    "Scraggy": {
      "number": 559,
      "types": [
        "Dark",
        "Fighting"
      ]
    },
    "Scrafty": {
      "number": 560,
      "types": [
        "Dark",
        "Fighting"
      ]
    },
    "Sigilyph": {
      "number": 561,
      "types": [
        "Psychic",
        "Flying"
      ]
    },
    "Yamask": {
      "number": 562,
      "types": [
        "Ghost"
      ]
    },
    "Cofagrigus": {
      "number": 563,
      "types": [
        "Ghost"
      ]
    },
    "Tirtouga": {
      "number": 564,
      "types": [
        "Water",
        "Rock"
      ]
    },
    "Carracosta": {
      "number": 565,
      "types": [
        "Water",
        "Rock"
      ]
    },
    "Archen": {
      "number": 566,
      "types": [
        "Rock",
        "Flying"
      ]
    },
    "Archeops": {
      "number": 567,
      "types": [
        "Rock",
        "Flying"
      ]
    },
    "Trubbish": {
      "number": 568,
      "types": [
        "Poison"
      ]
    },
    "Garbodor": {
      "number": 569,
      "types": [
        "Poison"
      ]
    },
    "Zorua": {
      "number": 570,
      "types": [
        "Dark"
      ]
    },
    "Zoroark": {
      "number": 571,
      "types": [
        "Dark"
      ]
    },
    "Minccino": {
      "number": 572,
      "types": [
        "Normal"
      ]
    },
    "Cinccino": {
      "number": 573,
      "types": [
        "Normal"
      ]
    },
    "Gothita": {
      "number": 574,
      "types": [
        "Psychic"
      ]
    },
    "Gothorita": {
      "number": 575,
      "types": [
        "Psychic"
      ]
    },
    "Gothitelle": {
      "number": 576,
      "types": [
        "Psychic"
      ]
    },
    "Solosis": {
      "number": 577,
      "types": [
        "Psychic"
      ]
    },
    "Duosion": {
      "number": 578,
      "types": [
        "Psychic"
      ]
    },
    "Reuniclus": {
      "number": 579,
      "types": [
        "Psychic"
      ]
    },
    "Ducklett": {
      "number": 580,
      "types": [
        "Water",
        "Flying"
      ]
    },
    "Swanna": {
      "number": 581,
      "types": [
        "Water",
        "Flying"
      ]
    },
    "Vanillite": {
      "number": 582,
      "types": [
        "Ice"
      ]
    },
    "Vanillish": {
      "number": 583,
      "types": [
        "Ice"
      ]
    },
    "Vanilluxe": {
      "number": 584,
      "types": [
        "Ice"
      ]
    },
    "Deerling": {
      "number": 585,
      "types": [
        "Normal",
        "Grass"
      ]
    },
    "Sawsbuck": {
      "number": 586,
      "types": [
        "Normal",
        "Grass"
      ]
    },
    "Emolga": {
      "number": 587,
      "types": [
        "Electric",
        "Flying"
      ]
    },
    "Karrablast": {
      "number": 588,
      "types": [
        "Bug"
      ]
    },
    "Escavalier": {
      "number": 589,
      "types": [
        "Bug",
        "Steel"
      ]
    },
    "Foongus": {
      "number": 590,
      "types": [
        "Grass",
        "Poison"
      ]
    },
    "Amoonguss": {
      "number": 591,
      "types": [
        "Grass",
        "Poison"
      ]
    },
    "Frillish": {
      "number": 592,
      "types": [
        "Water",
        "Ghost"
      ]
    },
    "Jellicent": {
      "number": 593,
      "types": [
        "Water",
        "Ghost"
      ]
    },
    "Alomomola": {
      "number": 594,
      "types": [
        "Water"
      ]
    },
    "Joltik": {
      "number": 595,
      "types": [
        "Bug",
        "Electric"
      ]
    },
    "Galvantula": {
      "number": 596,
      "types": [
        "Bug",
        "Electric"
      ]
    },
    "Ferroseed": {
      "number": 597,
      "types": [
        "Grass",
        "Steel"
      ]
    },
    "Ferrothorn": {
      "number": 598,
      "types": [
        "Grass",
        "Steel"
      ]
    },
    "Klink": {
      "number": 599,
      "types": [
        "Steel"
      ]
    },
    "Klang": {
      "number": 600,
      "types": [
        "Steel"
      ]
    },
    "Klinklang": {
      "number": 601,
      "types": [
        "Steel"
      ]
    },
    "Tynamo": {
      "number": 602,
      "types": [
        "Electric"
      ]
    },
    "Eelektrik": {
      "number": 603,
      "types": [
        "Electric"
      ]
    },
    "Eelektross": {
      "number": 604,
      "types": [
        "Electric"
      ]
    },
    "Elgyem": {
      "number": 605,
      "types": [
        "Psychic"
      ]
    },
    "Beheeyem": {
      "number": 606,
      "types": [
        "Psychic"
      ]
    },
    "Litwick": {
      "number": 607,
      "types": [
        "Ghost",
        "Fire"
      ]
    },
    "Lampent": {
      "number": 608,
      "types": [
        "Ghost",
        "Fire"
      ]
    },
    "Chandelure": {
      "number": 609,
      "types": [
        "Ghost",
        "Fire"
      ]
    },
    "Axew": {
      "number": 610,
      "types": [
        "Dragon"
      ]
    },
    "Fraxure": {
      "number": 611,
      "types": [
        "Dragon"
      ]
    },
    "Haxorus": {
      "number": 612,
      "types": [
        "Dragon"
      ]
    },
    "Cubchoo": {
      "number": 613,
      "types": [
        "Ice"
      ]
    },
    "Beartic": {
      "number": 614,
      "types": [
        "Ice"
      ]
    },
    "Cryogonal": {
      "number": 615,
      "types": [
        "Ice"
      ]
    },
    "Shelmet": {
      "number": 616,
      "types": [
        "Bug"
      ]
    },
    "Accelgor": {
      "number": 617,
      "types": [
        "Bug"
      ]
    },
    "Stunfisk": {
      "number": 618,
      "types": [
        "Ground",
        "Electric"
      ]
    },
    "Mienfoo": {
      "number": 619,
      "types": [
        "Fighting"
      ]
    },
    "Mienshao": {
      "number": 620,
      "types": [
        "Fighting"
      ]
    },
    "Druddigon": {
      "number": 621,
      "types": [
        "Dragon"
      ]
    },
    "Golett": {
      "number": 622,
      "types": [
        "Ground",
        "Ghost"
      ]
    },
    "Golurk": {
      "number": 623,
      "types": [
        "Ground",
        "Ghost"
      ]
    },
    "Pawniard": {
      "number": 624,
      "types": [
        "Dark",
        "Steel"
      ]
    },
    "Bisharp": {
      "number": 625,
      "types": [
        "Dark",
        "Steel"
      ]
    },
    "Bouffalant": {
      "number": 626,
      "types": [
        "Normal"
      ]
    },
    "Rufflet": {
      "number": 627,
      "types": [
        "Normal",
        "Flying"
      ]
    },
    "Braviary": {
      "number": 628,
      "types": [
        "Normal",
        "Flying"
      ]
    },
    "Vullaby": {
      "number": 629,
      "types": [
        "Dark",
        "Flying"
      ]
    },
    "Mandibuzz": {
      "number": 630,
      "types": [
        "Dark",
        "Flying"
      ]
    },
    "Heatmor": {
      "number": 631,
      "types": [
        "Fire"
      ]
    },
    "Durant": {
      "number": 632,
      "types": [
        "Bug",
        "Steel"
      ]
    },
    "Deino": {
      "number": 633,
      "types": [
        "Dark",
        "Dragon"
      ]
    },
    "Zweilous": {
      "number": 634,
      "types": [
        "Dark",
        "Dragon"
      ]
    },
    "Hydreigon": {
      "number": 635,
      "types": [
        "Dark",
        "Dragon"
      ]
    },
    "Larvesta": {
      "number": 636,
      "types": [
        "Bug",
        "Fire"
      ]
    },
    "Volcarona": {
      "number": 637,
      "types": [
        "Bug",
        "Fire"
      ]
    },
    "Cobalion": {
      "number": 638,
      "types": [
        "Steel",
        "Fighting"
      ]
    },
    "Terrakion": {
      "number": 639,
      "types": [
        "Rock",
        "Fighting"
      ]
    },
    "Virizion": {
      "number": 640,
      "types": [
        "Grass",
        "Fighting"
      ]
    },
    "Tornadus": {
      "number": 641,
      "types": [
        "Flying"
      ]
    },
    "Thundurus": {
      "number": 642,
      "types": [
        "Electric",
        "Flying"
      ]
    },
    "Reshiram": {
      "number": 643,
      "types": [
        "Dragon",
        "Fire"
      ]
    },
    "Zekrom": {
      "number": 644,
      "types": [
        "Dragon",
        "Electric"
      ]
    },
    "Landorus": {
      "number": 645,
      "types": [
        "Ground",
        "Flying"
      ]
    },
    "Kyurem": {
      "number": 646,
      "types": [
        "Dragon",
        "Ice"
      ]
    },
    "Keldeo": {
      "number": 647,
      "types": [
        "Water",
        "Fighting"
      ]
    },
    "Meloetta": {
      "number": 648,
      "types": [
        "Normal",
        "Psychic"
      ]
    },
    "Genesect": {
      "number": 649,
      "types": [
        "Bug",
        "Steel"
      ]
    },
    "Chespin": {
      "number": 650,
      "types": [
        "Grass"
      ]
    },
    "Quilladin": {
      "number": 651,
      "types": [
        "Grass"
      ]
    },
    "Chesnaught": {
      "number": 652,
      "types": [
        "Grass",
        "Fighting"
      ]
    },
    "Fennekin": {
      "number": 653,
      "types": [
        "Fire"
      ]
    },
    "Braixen": {
      "number": 654,
      "types": [
        "Fire"
      ]
    },
    "Delphox": {
      "number": 655,
      "types": [
        "Fire",
        "Psychic"
      ]
    },
    "Froakie": {
      "number": 656,
      "types": [
        "Water"
      ]
    },
    "Frogadier": {
      "number": 657,
      "types": [
        "Water"
      ]
    },
    "Greninja": {
      "number": 658,
      "types": [
        "Water",
        "Dark"
      ]
    },
    "Bunnelby": {
      "number": 659,
      "types": [
        "Normal"
      ]
    },
    "Diggersby": {
      "number": 660,
      "types": [
        "Normal",
        "Ground"
      ]
    },
    "Fletchling": {
      "number": 661,
      "types": [
        "Normal",
        "Flying"
      ]
    },
    "Fletchinder": {
      "number": 662,
      "types": [
        "Fire",
        "Flying"
      ]
    },
    "Talonflame": {
      "number": 663,
      "types": [
        "Fire",
        "Flying"
      ]
    },
    "Scatterbug": {
      "number": 664,
      "types": [
        "Bug"
      ]
    },
    "Spewpa": {
      "number": 665,
      "types": [
        "Bug"
      ]
    },
    "Vivillon": {
      "number": 666,
      "types": [
        "Bug",
        "Flying"
      ]
    },
    "Litleo": {
      "number": 667,
      "types": [
        "Fire",
        "Normal"
      ]
    },
    "Pyroar": {
      "number": 668,
      "types": [
        "Fire",
        "Normal"
      ]
    },
    "Flabébé": {
      "number": 669,
      "types": [
        "Fairy"
      ]
    },
    "Floette": {
      "number": 670,
      "types": [
        "Fairy"
      ]
    },
    "Florges": {
      "number": 671,
      "types": [
        "Fairy"
      ]
    },
    "Skiddo": {
      "number": 672,
      "types": [
        "Grass"
      ]
    },
    "Gogoat": {
      "number": 673,
      "types": [
        "Grass"
      ]
    },
    "Pancham": {
      "number": 674,
      "types": [
        "Fighting"
      ]
    },
    "Pangoro": {
      "number": 675,
      "types": [
        "Fighting",
        "Dark"
      ]
    },
    "Furfrou": {
      "number": 676,
      "types": [
        "Normal"
      ]
    },
    "Espurr": {
      "number": 677,
      "types": [
        "Psychic"
      ]
    },
    "Meowstic": {
      "number": 678,
      "types": [
        "Psychic"
      ]
    },
    "Honedge": {
      "number": 679,
      "types": [
        "Steel",
        "Ghost"
      ]
    },
    "Doublade": {
      "number": 680,
      "types": [
        "Steel",
        "Ghost"
      ]
    },
    "Aegislash": {
      "number": 681,
      "types": [
        "Steel",
        "Ghost"
      ]
    },
    "Spritzee": {
      "number": 682,
      "types": [
        "Fairy"
      ]
    },
    "Aromatisse": {
      "number": 683,
      "types": [
        "Fairy"
      ]
    },
    "Swirlix": {
      "number": 684,
      "types": [
        "Fairy"
      ]
    },
    "Slurpuff": {
      "number": 685,
      "types": [
        "Fairy"
      ]
    },
    "Inkay": {
      "number": 686,
      "types": [
        "Dark",
        "Psychic"
      ]
    },
    "Malamar": {
      "number": 687,
      "types": [
        "Dark",
        "Psychic"
      ]
    },
    "Binacle": {
      "number": 688,
      "types": [
        "Rock",
        "Water"
      ]
    },
    "Barbaracle": {
      "number": 689,
      "types": [
        "Rock",
        "Water"
      ]
    },
    "Skrelp": {
      "number": 690,
      "types": [
        "Poison",
        "Water"
      ]
    },
    "Dragalge": {
      "number": 691,
      "types": [
        "Poison",
        "Dragon"
      ]
    },
    "Clauncher": {
      "number": 692,
      "types": [
        "Water"
      ]
    },
    "Clawitzer": {
      "number": 693,
      "types": [
        "Water"
      ]
    },
    "Helioptile": {
      "number": 694,
      "types": [
        "Electric",
        "Normal"
      ]
    },
    "Heliolisk": {
      "number": 695,
      "types": [
        "Electric",
        "Normal"
      ]
    },
    "Tyrunt": {
      "number": 696,
      "types": [
        "Rock",
        "Dragon"
      ]
    },
    "Tyrantrum": {
      "number": 697,
      "types": [
        "Rock",
        "Dragon"
      ]
    },
    "Amaura": {
      "number": 698,
      "types": [
        "Rock",
        "Ice"
      ]
    },
    "Aurorus": {
      "number": 699,
      "types": [
        "Rock",
        "Ice"
      ]
    },
    "Sylveon": {
      "number": 700,
      "types": [
        "Fairy"
      ]
    },
    "Hawlucha": {
      "number": 701,
      "types": [
        "Fighting",
        "Flying"
      ]
    },
    "Dedenne": {
      "number": 702,
      "types": [
        "Electric",
        "Fairy"
      ]
    },
    "Carbink": {
      "number": 703,
      "types": [
        "Rock",
        "Fairy"
      ]
    },
    "Goomy": {
      "number": 704,
      "types": [
        "Dragon"
      ]
    },
    "Sliggoo": {
      "number": 705,
      "types": [
        "Dragon"
      ]
    },
    "Goodra": {
      "number": 706,
      "types": [
        "Dragon"
      ]
    },
    "Klefki": {
      "number": 707,
      "types": [
        "Steel",
        "Fairy"
      ]
    },
    "Phantump": {
      "number": 708,
      "types": [
        "Ghost",
        "Grass"
      ]
    },
    "Trevenant": {
      "number": 709,
      "types": [
        "Ghost",
        "Grass"
      ]
    },
    "Pumpkaboo": {
      "number": 710,
      "types": [
        "Ghost",
        "Grass"
      ]
    },
    "Gourgeist": {
      "number": 711,
      "types": [
        "Ghost",
        "Grass"
      ]
    },
    "Bergmite": {
      "number": 712,
      "types": [
        "Ice"
      ]
    },
    "Avalugg": {
      "number": 713,
      "types": [
        "Ice"
      ]
    },
    "Noibat": {
      "number": 714,
      "types": [
        "Flying",
        "Dragon"
      ]
    },
    "Noivern": {
      "number": 715,
      "types": [
        "Flying",
        "Dragon"
      ]
    },
    "Xerneas": {
      "number": 716,
      "types": [
        "Fairy"
      ]
    },
    "Yveltal": {
      "number": 717,
      "types": [
        "Dark",
        "Flying"
      ]
    },
    "Zygarde": {
      "number": 718,
      "types": [
        "Dragon",
        "Ground"
      ]
    },
    "Diancie": {
      "number": 719,
      "types": [
        "Rock",
        "Fairy"
      ]
    },
    "Hoopa": {
      "number": 720,
      "types": [
        "Psychic",
        "Ghost"
      ]
    },
    "Volcanion": {
      "number": 721,
      "types": [
        "Fire",
        "Water"
      ]
    },
    "Rowlet": {
      "number": 722,
      "types": [
        "Grass",
        "Flying"
      ]
    },
    "Dartrix": {
      "number": 723,
      "types": [
        "Grass",
        "Flying"
      ]
    },
    "Decidueye": {
      "number": 724,
      "types": [
        "Grass",
        "Ghost"
      ]
    },
    "Litten": {
      "number": 725,
      "types": [
        "Fire"
      ]
    },
    "Torracat": {
      "number": 726,
      "types": [
        "Fire"
      ]
    },
    "Incineroar": {
      "number": 727,
      "types": [
        "Fire",
        "Dark"
      ]
    },
    "Popplio": {
      "number": 728,
      "types": [
        "Water"
      ]
    },
    "Brionne": {
      "number": 729,
      "types": [
        "Water"
      ]
    },
    "Primarina": {
      "number": 730,
      "types": [
        "Water",
        "Fairy"
      ]
    },
    "Pikipek": {
      "number": 731,
      "types": [
        "Normal",
        "Flying"
      ]
    },
    "Trumbeak": {
      "number": 732,
      "types": [
        "Normal",
        "Flying"
      ]
    },
    "Toucannon": {
      "number": 733,
      "types": [
        "Normal",
        "Flying"
      ]
    },
    "Yungoos": {
      "number": 734,
      "types": [
        "Normal"
      ]
    },
    "Gumshoos": {
      "number": 735,
      "types": [
        "Normal"
      ]
    },
    "Grubbin": {
      "number": 736,
      "types": [
        "Bug"
      ]
    },
    "Charjabug": {
      "number": 737,
      "types": [
        "Bug",
        "Electric"
      ]
    },
    "Vikavolt": {
      "number": 738,
      "types": [
        "Bug",
        "Electric"
      ]
    },
    "Crabrawler": {
      "number": 739,
      "types": [
        "Fighting"
      ]
    },
    "Crabominable": {
      "number": 740,
      "types": [
        "Fighting",
        "Ice"
      ]
    },
    "Oricorio": {
      "number": 741,
      "types": [
        "Fire",
        "Flying"
      ]
    },
    "Cutiefly": {
      "number": 742,
      "types": [
        "Bug",
        "Fairy"
      ]
    },
    "Ribombee": {
      "number": 743,
      "types": [
        "Bug",
        "Fairy"
      ]
    },
    "Rockruff": {
      "number": 744,
      "types": [
        "Rock"
      ]
    },
    "Lycanroc": {
      "number": 745,
      "types": [
        "Rock"
      ]
    },
    "Wishiwashi": {
      "number": 746,
      "types": [
        "Water"
      ]
    },
    "Mareanie": {
      "number": 747,
      "types": [
        "Poison",
        "Water"
      ]
    },
    "Toxapex": {
      "number": 748,
      "types": [
        "Poison",
        "Water"
      ]
    },
    "Mudbray": {
      "number": 749,
      "types": [
        "Ground"
      ]
    },
    "Mudsdale": {
      "number": 750,
      "types": [
        "Ground"
      ]
    },
    "Dewpider": {
      "number": 751,
      "types": [
        "Water",
        "Bug"
      ]
    },
    "Araquanid": {
      "number": 752,
      "types": [
        "Water",
        "Bug"
      ]
    },
    "Fomantis": {
      "number": 753,
      "types": [
        "Grass"
      ]
    },
    "Lurantis": {
      "number": 754,
      "types": [
        "Grass"
      ]
    },
    "Morelull": {
      "number": 755,
      "types": [
        "Grass",
        "Fairy"
      ]
    },
    "Shiinotic": {
      "number": 756,
      "types": [
        "Grass",
        "Fairy"
      ]
    },
    "Salandit": {
      "number": 757,
      "types": [
        "Poison",
        "Fire"
      ]
    },
    "Salazzle": {
      "number": 758,
      "types": [
        "Poison",
        "Fire"
      ]
    },
    "Stufful": {
      "number": 759,
      "types": [
        "Normal",
        "Fighting"
      ]
    },
    "Bewear": {
      "number": 760,
      "types": [
        "Normal",
        "Fighting"
      ]
    },
    "Bounsweet": {
      "number": 761,
      "types": [
        "Grass"
      ]
    },
    "Steenee": {
      "number": 762,
      "types": [
        "Grass"
      ]
    },
    "Tsareena": {
      "number": 763,
      "types": [
        "Grass"
      ]
    },
    "Comfey": {
      "number": 764,
      "types": [
        "Fairy"
      ]
    },
    "Oranguru": {
      "number": 765,
      "types": [
        "Normal",
        "Psychic"
      ]
    },
    "Passimian": {
      "number": 766,
      "types": [
        "Fighting"
      ]
    },
    "Wimpod": {
      "number": 767,
      "types": [
        "Bug",
        "Water"
      ]
    },
    "Golisopod": {
      "number": 768,
      "types": [
        "Bug",
        "Water"
      ]
    },
    "Sandygast": {
      "number": 769,
      "types": [
        "Ghost",
        "Ground"
      ]
    },
    "Palossand": {
      "number": 770,
      "types": [
        "Ghost",
        "Ground"
      ]
    },
    "Pyukumuku": {
      "number": 771,
      "types": [
        "Water"
      ]
    },
    "Type: Null": {
      "number": 772,
      "types": [
        "Normal"
      ]
    },
    "Silvally": {
      "number": 773,
      "types": [
        "Normal"
      ]
    },
    "Minior": {
      "number": 774,
      "types": [
        "Rock",
        "Flying"
      ]
    },
    "Komala": {
      "number": 775,
      "types": [
        "Normal"
      ]
    },
    "Turtonator": {
      "number": 776,
      "types": [
        "Fire",
        "Dragon"
      ]
    },
    "Togedemaru": {
      "number": 777,
      "types": [
        "Electric",
        "Steel"
      ]
    },
    "Mimikyu": {
      "number": 778,
      "types": [
        "Ghost",
        "Fairy"
      ]
    },
    "Bruxish": {
      "number": 779,
      "types": [
        "Water",
        "Psychic"
      ]
    },
    "Drampa": {
      "number": 780,
      "types": [
        "Normal",
        "Dragon"
      ]
    },
    "Dhelmise": {
      "number": 781,
      "types": [
        "Ghost",
        "Grass"
      ]
    },
    "Jangmo-o": {
      "number": 782,
      "types": [
        "Dragon"
      ]
    },
    "Hakamo-o": {
      "number": 783,
      "types": [
        "Dragon",
        "Fighting"
      ]
    },
    "Kommo-o": {
      "number": 784,
      "types": [
        "Dragon",
        "Fighting"
      ]
    },
    "Tapu Koko": {
      "number": 785,
      "types": [
        "Electric",
        "Fairy"
      ]
    },
    "Tapu Lele": {
      "number": 786,
      "types": [
        "Psychic",
        "Fairy"
      ]
    },
    "Tapu Bulu": {
      "number": 787,
      "types": [
        "Grass",
        "Fairy"
      ]
    },
    "Tapu Fini": {
      "number": 788,
      "types": [
        "Water",
        "Fairy"
      ]
    },
    "Cosmog": {
      "number": 789,
      "types": [
        "Psychic"
      ]
    },
    "Cosmoem": {
      "number": 790,
      "types": [
        "Psychic"
      ]
    },
    "Solgaleo": {
      "number": 791,
      "types": [
        "Psychic",
        "Steel"
      ]
    },
    "Lunala": {
      "number": 792,
      "types": [
        "Psychic",
        "Ghost"
      ]
    },
    "Nihilego": {
      "number": 793,
      "types": [
        "Rock",
        "Poison"
      ]
    },
    "Buzzwole": {
      "number": 794,
      "types": [
        "Bug",
        "Fighting"
      ]
    },
    "Pheromosa": {
      "number": 795,
      "types": [
        "Bug",
        "Fighting"
      ]
    },
    "Xurkitree": {
      "number": 796,
      "types": [
        "Electric"
      ]
    },
    "Celesteela": {
      "number": 797,
      "types": [
        "Steel",
        "Flying"
      ]
    },
    "Kartana": {
      "number": 798,
      "types": [
        "Grass",
        "Steel"
      ]
    },
    "Guzzlord": {
      "number": 799,
      "types": [
        "Dark",
        "Dragon"
      ]
    },
    "Necrozma": {
      "number": 800,
      "types": [
        "Psychic"
      ]
    },
    "Magearna": {
      "number": 801,
      "types": [
        "Steel",
        "Fairy"
      ]
    },
    "Marshadow": {
      "number": 802,
      "types": [
        "Fighting",
        "Ghost"
      ]
    },
    "Poipole": {
      "number": 803,
      "types": [
        "Poison"
      ]
    },
    "Naganadel": {
      "number": 804,
      "types": [
        "Poison",
        "Dragon"
      ]
    },
    "Stakataka": {
      "number": 805,
      "types": [
        "Rock",
        "Steel"
      ]
    },
    "Blacephalon": {
      "number": 806,
      "types": [
        "Fire",
        "Ghost"
      ]
    },
    "Zeraora": {
      "number": 807,
      "types": [
        "Electric"
      ]
    },
    "Meltan": {
      "number": 808,
      "types": [
        "Steel"
      ]
    },
    "Melmetal": {
      "number": 809,
      "types": [
        "Steel"
      ]
    },
    "Grookey": {
      "number": 810,
      "types": [
        "Grass"
      ]
    },
    "Thwackey": {
      "number": 811,
      "types": [
        "Grass"
      ]
    },
    "Rillaboom": {
      "number": 812,
      "types": [
        "Grass"
      ]
    },
    "Scorbunny": {
      "number": 813,
      "types": [
        "Fire"
      ]
    },
    "Raboot": {
      "number": 814,
      "types": [
        "Fire"
      ]
    },
    "Cinderace": {
      "number": 815,
      "types": [
        "Fire"
      ]
    },
    "Sobble": {
      "number": 816,
      "types": [
        "Water"
      ]
    },
    "Drizzile": {
      "number": 817,
      "types": [
        "Water"
      ]
    },
    "Inteleon": {
      "number": 818,
      "types": [
        "Water"
      ]
    },
    "Skwovet": {
      "number": 819,
      "types": [
        "Normal"
      ]
    },
    "Greedent": {
      "number": 820,
      "types": [
        "Normal"
      ]
    },
    "Rookidee": {
      "number": 821,
      "types": [
        "Flying"
      ]
    },
    "Corvisquire": {
      "number": 822,
      "types": [
        "Flying"
      ]
    },
    "Corviknight": {
      "number": 823,
      "types": [
        "Flying",
        "Steel"
      ]
    },
    "Blipbug": {
      "number": 824,
      "types": [
        "Bug"
      ]
    },
    "Dottler": {
      "number": 825,
      "types": [
        "Bug",
        "Psychic"
      ]
    },
    "Orbeetle": {
      "number": 826,
      "types": [
        "Bug",
        "Psychic"
      ]
    },
    "Nickit": {
      "number": 827,
      "types": [
        "Dark"
      ]
    },
    "Thievul": {
      "number": 828,
      "types": [
        "Dark"
      ]
    },
    "Gossifleur": {
      "number": 829,
      "types": [
        "Grass"
      ]
    },
    "Eldegoss": {
      "number": 830,
      "types": [
        "Grass"
      ]
    },
    "Wooloo": {
      "number": 831,
      "types": [
        "Normal"
      ]
    },
    "Dubwool": {
      "number": 832,
      "types": [
        "Normal"
      ]
    },
    "Chewtle": {
      "number": 833,
      "types": [
        "Water"
      ]
    },
    "Drednaw": {
      "number": 834,
      "types": [
        "Water",
        "Rock"
      ]
    },
    "Yamper": {
      "number": 835,
      "types": [
        "Electric"
      ]
    },
    "Boltund": {
      "number": 836,
      "types": [
        "Electric"
      ]
    },
    "Rolycoly": {
      "number": 837,
      "types": [
        "Rock"
      ]
    },
    "Carkol": {
      "number": 838,
      "types": [
        "Rock",
        "Fire"
      ]
    },
    "Coalossal": {
      "number": 839,
      "types": [
        "Rock",
        "Fire"
      ]
    },
    "Applin": {
      "number": 840,
      "types": [
        "Grass",
        "Dragon"
      ]
    },
    "Flapple": {
      "number": 841,
      "types": [
        "Grass",
        "Dragon"
      ]
    },
    "Appletun": {
      "number": 842,
      "types": [
        "Grass",
        "Dragon"
      ]
    },
    "Silicobra": {
      "number": 843,
      "types": [
        "Ground"
      ]
    },
    "Sandaconda": {
      "number": 844,
      "types": [
        "Ground"
      ]
    },
    "Cramorant": {
      "number": 845,
      "types": [
        "Flying",
        "Water"
      ]
    },
    "Arrokuda": {
      "number": 846,
      "types": [
        "Water"
      ]
    },
    "Barraskewda": {
      "number": 847,
      "types": [
        "Water"
      ]
    },
    "Toxel": {
      "number": 848,
      "types": [
        "Electric",
        "Poison"
      ]
    },
    "Toxtricity": {
      "number": 849,
      "types": [
        "Electric",
        "Poison"
      ]
    },
    "Sizzlipede": {
      "number": 850,
      "types": [
        "Fire",
        "Bug"
      ]
    },
    "Centiskorch": {
      "number": 851,
      "types": [
        "Fire",
        "Bug"
      ]
    },
    "Clobbopus": {
      "number": 852,
      "types": [
        "Fighting"
      ]
    },
    "Grapploct": {
      "number": 853,
      "types": [
        "Fighting"
      ]
    },
    "Sinistea": {
      "number": 854,
      "types": [
        "Ghost"
      ]
    },
    "Polteageist": {
      "number": 855,
      "types": [
        "Ghost"
      ]
    },
    "Hatenna": {
      "number": 856,
      "types": [
        "Psychic"
      ]
    },
    "Hattrem": {
      "number": 857,
      "types": [
        "Psychic"
      ]
    },
    "Hatterene": {
      "number": 858,
      "types": [
        "Psychic",
        "Fairy"
      ]
    },
    "Impidimp": {
      "number": 859,
      "types": [
        "Dark",
        "Fairy"
      ]
    },
    "Morgrem": {
      "number": 860,
      "types": [
        "Dark",
        "Fairy"
      ]
    },
    "Grimmsnarl": {
      "number": 861,
      "types": [
        "Dark",
        "Fairy"
      ]
    },
    "Obstagoon": {
      "number": 862,
      "types": [
        "Dark",
        "Normal"
      ]
    },
    "Perrserker": {
      "number": 863,
      "types": [
        "Steel"
      ]
    },
    "Cursola": {
      "number": 864,
      "types": [
        "Ghost"
      ]
    },
    "Sirfetch'd": {
      "number": 865,
      "types": [
        "Fighting"
      ]
    },
    "Mr. Rime": {
      "number": 866,
      "types": [
        "Psychic",
        "Ice"
      ]
    },
    "Runerigus": {
      "number": 867,
      "types": [
        "Ground",
        "Ghost"
      ]
    },
    "Milcery": {
      "number": 868,
      "types": [
        "Fairy"
      ]
    },
    "Alcremie": {
      "number": 869,
      "types": [
        "Fairy"
      ]
    },
    "Falinks": {
      "number": 870,
      "types": [
        "Fighting"
      ]
    },
    "Pincurchin": {
      "number": 871,
      "types": [
        "Electric"
      ]
    },
    "Snom": {
      "number": 872,
      "types": [
        "Ice",
        "Bug"
      ]
    },
    "Frosmoth": {
      "number": 873,
      "types": [
        "Ice",
        "Bug"
      ]
    },
    "Stonjourner": {
      "number": 874,
      "types": [
        "Rock"
      ]
    },
    "Eiscue": {
      "number": 875,
      "types": [
        "Ice"
      ]
    },
    "Indeedee": {
      "number": 876,
      "types": [
        "Psychic",
        "Normal"
      ]
    },
    "Morpeko": {
      "number": 877,
      "types": [
        "Electric",
        "Dark"
      ]
    },
    "Cufant": {
      "number": 878,
      "types": [
        "Steel"
      ]
    },
    "Copperajah": {
      "number": 879,
      "types": [
        "Steel"
      ]
    },
    "Dracozolt": {
      "number": 880,
      "types": [
        "Electric",
        "Dragon"
      ]
    },
    "Arctozolt": {
      "number": 881,
      "types": [
        "Electric",
        "Ice"
      ]
    },
    "Dracovish": {
      "number": 882,
      "types": [
        "Water",
        "Dragon"
      ]
    },
    "Arctovish": {
      "number": 883,
      "types": [
        "Water",
        "Ice"
      ]
    },
    "Duraludon": {
      "number": 884,
      "types": [
        "Steel",
        "Dragon"
      ]
    },
    "Dreepy": {
      "number": 885,
      "types": [
        "Dragon",
        "Ghost"
      ]
    },
    "Drakloak": {
      "number": 886,
      "types": [
        "Dragon",
        "Ghost"
      ]
    },
    "Dragapult": {
      "number": 887,
      "types": [
        "Dragon",
        "Ghost"
      ]
    },
    "Zacian": {
      "number": 888,
      "types": [
        "Fairy",
        "Steel"
      ]
    },
    "Zamazenta": {
      "number": 889,
      "types": [
        "Fighting",
        "Steel"
      ]
    },
    "Eternatus": {
      "number": 890,
      "types": [
        "Poison",
        "Dragon"
      ]
    },
    "Josh": {
		"number": "#1000",
		"types": ["Water", "Ice"]
	},
	"Alolan Rattata": {
		"number": "A1",
		"types": ["Dark", "Normal"]
	},
	"Alolan Raticate": {
		"number": "A2",
		"types": ["Dark", "Normal"]
	},
	"Alolan Raichu": {
		"number": "A3",
		"types": ["Electric", "Psychic"]
	},
	"Alolan Sandshrew": {
		"number": "A4",
		"types": ["Ice", "Steel"]
	},
	"Alolan Sandslash": {
		"number": "A5",
		"types": ["Ice", "Steel"]
	},
	"Alolan Vulpix": {
		"number": "A6",
		"types": ["Ice", "Fairy"]
	},
	"Alolan Ninetails": {
		"number": "A7",
		"types": ["Ice", "Fairy"]
	},
	"Alolan Diglett": {
		"number": "A8",
		"types": ["Ground", "Steel"]
	},
	"Alolan Dugtrio": {
		"number": "A9",
		"types": ["Ground", "Steel"]
	},
	"Alolan Meowth": {
		"number": "A10",
		"types": ["Dark"]
	},
	"Alolan Persian": {
		"number": "A11",
		"types": ["Dark"]
	},
	"Alolan Geodude": {
		"number": "A12",
		"types": ["Rock", "Electric"]
	},
	"Alolan Graveler": {
		"number": "A13",
		"types": ["Rock", "Electric"]
	},
	"Alolan Golem": {
		"number": "A14",
		"types": ["Rock", "Electric"]
	},
	"Alolan Grimer": {
		"number": "A15",
		"types": ["Poison", "Dark"]
	},
	"Alolan Muk": {
		"number": "A16",
		"types": ["Poison", "Dark"]
	},
	"Alolan Exeggutor": {
		"number": "A17",
		"types": ["Grass", "Dragon"]
	},
	"Alolan Marowak": {
		"number": "A18",
		"types": ["Ghost", "Fire"]
	},
	"Galarian Zigzagoon": {
		"number": "G1",
		"types": ["Dark", "Normal"]
	},
	"Galarian Linoone": {
		"number": "G2",
		"types": ["Dark", "Normal"]
	},
	"Galarian Meowth": {
		"number": "G3",
		"types": ["Steel"]
	},
	"Galarian Perrserker": {
		"number": "G4",
		"types": ["Steel"]
	},
	"Galarian Farfetch'd": {
		"number": "G5",
		"types": ["Fighting"]
	},
	"Galarian Sirfetch'd": {
		"number": "G6",
		"types": ["Fighting"]
	},
	"Galarian Stunfisk": {
		"number": "G7",
		"types": ["Ground", "Steel"]
	},
	"Galarian Corsola": {
		"number": "G8",
		"types": ["Ghost"]
	},
	"Galarian Weezing": {
		"number": "G9",
		"types": ["Posion", "Fairy"]
	},
	"Galarian Yamask": {
		"number": "G10",
		"types": ["Ghost", "Ground"]
	},
	"Galarian Ponyta": {
		"number": "G11",
		"types": ["Psychic"]
	},
	"Galarian Rapidash": {
		"number": "G12",
		"types": ["Psychic", "Fairy"]
	},
	"Galarian Mr. Mime": {
		"number": "G13",
		"types": ["Psychic", "Ice"]
	},
	"Galarian Darumaka": {
		"number": "G14",
		"types": ["Ice"]
	},
	"Galarian Darmanitan": {
		"number": "G15",
		"types": ["Ice"]
	},
	"Galarian Slowpoke": {
		"number": "G16",
		"types": ["Psychic"]
	},
	"Galarian Slowbro": {
		"number": "G17",
		"types": ["Psychic", "Posion"]
	}
  }